Using pre-set license
Built from '2022.3/respin/2022.3.62f2-4af31df585-v2' branch; Version is '2022.3.62f3 (96770f904ca7) revision 9860879'; Using compiler version '192829333'; Build Type 'Release'
OS: 'Windows 11  (10.0.26200) 64bit Core' Language: 'en' Physical Memory: 65239 MB
BatchMode: 1, IsHumanControllingUs: 0, StartBugReporterOnCrash: 0, Is64bit: 1, IsPro: 1

COMMAND LINE ARGUMENTS:
C:\Program Files\Unity\Hub\Editor\2022.3.62f3\Editor\Unity.exe
-adb2
-batchMode
-noUpm
-name
AssetImportWorker15
-projectPath
C:/Users/guill/Creacion de terreno
-logFile
Logs/AssetImportWorker15.log
-srvPort
57205
Successfully changed project path to: C:/Users/guill/Creacion de terreno
C:/Users/guill/Creacion de terreno
[UnityMemory] Configuration Parameters - Can be set up in boot.config
    "memorysetup-bucket-allocator-granularity=16"
    "memorysetup-bucket-allocator-bucket-count=8"
    "memorysetup-bucket-allocator-block-size=33554432"
    "memorysetup-bucket-allocator-block-count=8"
    "memorysetup-main-allocator-block-size=16777216"
    "memorysetup-thread-allocator-block-size=16777216"
    "memorysetup-gfx-main-allocator-block-size=16777216"
    "memorysetup-gfx-thread-allocator-block-size=16777216"
    "memorysetup-cache-allocator-block-size=4194304"
    "memorysetup-typetree-allocator-block-size=2097152"
    "memorysetup-profiler-bucket-allocator-granularity=16"
    "memorysetup-profiler-bucket-allocator-bucket-count=8"
    "memorysetup-profiler-bucket-allocator-block-size=33554432"
    "memorysetup-profiler-bucket-allocator-block-count=8"
    "memorysetup-profiler-allocator-block-size=16777216"
    "memorysetup-profiler-editor-allocator-block-size=1048576"
    "memorysetup-temp-allocator-size-main=16777216"
    "memorysetup-job-temp-allocator-block-size=2097152"
    "memorysetup-job-temp-allocator-block-size-background=1048576"
    "memorysetup-job-temp-allocator-reduction-small-platforms=262144"
    "memorysetup-allocator-temp-initial-block-size-main=262144"
    "memorysetup-allocator-temp-initial-block-size-worker=262144"
    "memorysetup-temp-allocator-size-background-worker=32768"
    "memorysetup-temp-allocator-size-job-worker=262144"
    "memorysetup-temp-allocator-size-preload-manager=33554432"
    "memorysetup-temp-allocator-size-nav-mesh-worker=65536"
    "memorysetup-temp-allocator-size-audio-worker=65536"
    "memorysetup-temp-allocator-size-cloud-worker=32768"
    "memorysetup-temp-allocator-size-gi-baking-worker=262144"
    "memorysetup-temp-allocator-size-gfx=262144"
Player connection [37368]  Target information:

Player connection [37368]  * "[IP] 192.168.18.19 [Port] 0 [Flags] 2 [Guid] 3685796525 [EditorId] 3685796525 [Version] 1048832 [Id] WindowsEditor(7,MSI) [Debug] 1 [PackageName] WindowsEditor [ProjectName] Editor" 

Player connection [37368]  * "[IP] 169.254.227.35 [Port] 0 [Flags] 2 [Guid] 3685796525 [EditorId] 3685796525 [Version] 1048832 [Id] WindowsEditor(7,MSI) [Debug] 1 [PackageName] WindowsEditor [ProjectName] Editor" 

Player connection [37368]  * "[IP] 192.168.157.1 [Port] 0 [Flags] 2 [Guid] 3685796525 [EditorId] 3685796525 [Version] 1048832 [Id] WindowsEditor(7,MSI) [Debug] 1 [PackageName] WindowsEditor [ProjectName] Editor" 

Player connection [37368]  * "[IP] 172.27.16.1 [Port] 0 [Flags] 2 [Guid] 3685796525 [EditorId] 3685796525 [Version] 1048832 [Id] WindowsEditor(7,MSI) [Debug] 1 [PackageName] WindowsEditor [ProjectName] Editor" 

Player connection [37368] Host joined multi-casting on [225.0.0.222:54997]...
Player connection [37368] Host joined alternative multi-casting on [225.0.0.222:34997]...
Input System module state changed to: Initialized.
[PhysX] Initialized MultithreadedTaskDispatcher with 16 workers.
Refreshing native plugins compatible for Editor in 17.72 ms, found 4 plugins.
Preloading 0 native plugins for Editor in 0.00 ms.
Initialize engine version: 2022.3.62f3 (96770f904ca7)
[Subsystems] Discovering subsystems at path C:/Program Files/Unity/Hub/Editor/2022.3.62f3/Editor/Data/Resources/UnitySubsystems
[Subsystems] Discovering subsystems at path C:/Users/guill/Creacion de terreno/Assets
GfxDevice: creating device client; threaded=0; jobified=0
Direct3D:
    Version:  Direct3D 11.0 [level 11.1]
    Renderer: NVIDIA GeForce RTX 4060 Laptop GPU (ID=0x28a0)
    Vendor:   NVIDIA
    VRAM:     7956 MB
    Driver:   32.0.16.1088
Initialize mono
Mono path[0] = 'C:/Program Files/Unity/Hub/Editor/2022.3.62f3/Editor/Data/Managed'
Mono path[1] = 'C:/Program Files/Unity/Hub/Editor/2022.3.62f3/Editor/Data/MonoBleedingEdge/lib/mono/unityjit-win32'
Mono config path = 'C:/Program Files/Unity/Hub/Editor/2022.3.62f3/Editor/Data/MonoBleedingEdge/etc'
Using monoOptions --debugger-agent=transport=dt_socket,embedding=1,server=y,suspend=n,address=127.0.0.1:56712
Begin MonoManager ReloadAssembly
Registering precompiled unity dll's ...
Register platform support module: C:/Program Files/Unity/Hub/Editor/2022.3.62f3/Editor/Data/PlaybackEngines/WebGLSupport/UnityEditor.WebGL.Extensions.dll
Register platform support module: C:/Program Files/Unity/Hub/Editor/2022.3.62f3/Editor/Data/PlaybackEngines/WindowsStandaloneSupport/UnityEditor.WindowsStandalone.Extensions.dll
Registered in 0.008968 seconds.
- Loaded All Assemblies, in  0.262 seconds
Native extension for WindowsStandalone target not found
Native extension for WebGL target not found
Mono: successfully reloaded assembly
- Finished resetting the current domain, in  0.189 seconds
Domain Reload Profiling: 449ms
	BeginReloadAssembly (83ms)
		ExecutionOrderSort (0ms)
		DisableScriptedObjects (0ms)
		BackupInstance (0ms)
		ReleaseScriptingObjects (0ms)
		CreateAndSetChildDomain (1ms)
	RebuildCommonClasses (23ms)
	RebuildNativeTypeToScriptingClass (7ms)
	initialDomainReloadingComplete (49ms)
	LoadAllAssembliesAndSetupDomain (99ms)
		LoadAssemblies (82ms)
		RebuildTransferFunctionScriptingTraits (0ms)
		AnalyzeDomain (97ms)
			TypeCache.Refresh (96ms)
				TypeCache.ScanAssembly (87ms)
			ScanForSourceGeneratedMonoScriptInfo (0ms)
			ResolveRequiredComponents (0ms)
	FinalizeReload (189ms)
		ReleaseScriptCaches (0ms)
		RebuildScriptCaches (0ms)
		SetupLoadedEditorAssemblies (159ms)
			LogAssemblyErrors (0ms)
			InitializePlatformSupportModulesInManaged (9ms)
			SetLoadedEditorAssemblies (4ms)
			RefreshPlugins (0ms)
			BeforeProcessingInitializeOnLoad (2ms)
			ProcessInitializeOnLoadAttributes (110ms)
			ProcessInitializeOnLoadMethodAttributes (34ms)
			AfterProcessingInitializeOnLoad (0ms)
			EditorAssembliesLoaded (0ms)
		ExecutionOrderSort2 (0ms)
		AwakeInstancesAfterBackupRestoration (0ms)
========================================================================
Worker process is ready to serve import requests
Caller must complete domain reload
Begin MonoManager ReloadAssembly
- Loaded All Assemblies, in  0.518 seconds
Native extension for WindowsStandalone target not found
Native extension for WebGL target not found
Mono: successfully reloaded assembly
- Finished resetting the current domain, in  0.464 seconds
Domain Reload Profiling: 980ms
	BeginReloadAssembly (118ms)
		ExecutionOrderSort (0ms)
		DisableScriptedObjects (5ms)
		BackupInstance (0ms)
		ReleaseScriptingObjects (0ms)
		CreateAndSetChildDomain (16ms)
	RebuildCommonClasses (25ms)
	RebuildNativeTypeToScriptingClass (9ms)
	initialDomainReloadingComplete (37ms)
	LoadAllAssembliesAndSetupDomain (327ms)
		LoadAssemblies (248ms)
		RebuildTransferFunctionScriptingTraits (0ms)
		AnalyzeDomain (144ms)
			TypeCache.Refresh (115ms)
				TypeCache.ScanAssembly (105ms)
			ScanForSourceGeneratedMonoScriptInfo (18ms)
			ResolveRequiredComponents (10ms)
	FinalizeReload (465ms)
		ReleaseScriptCaches (0ms)
		RebuildScriptCaches (0ms)
		SetupLoadedEditorAssemblies (360ms)
			LogAssemblyErrors (0ms)
			InitializePlatformSupportModulesInManaged (6ms)
			SetLoadedEditorAssemblies (2ms)
			RefreshPlugins (0ms)
			BeforeProcessingInitializeOnLoad (54ms)
			ProcessInitializeOnLoadAttributes (240ms)
			ProcessInitializeOnLoadMethodAttributes (52ms)
			AfterProcessingInitializeOnLoad (6ms)
			EditorAssembliesLoaded (0ms)
		ExecutionOrderSort2 (0ms)
		AwakeInstancesAfterBackupRestoration (5ms)
Launched and connected shader compiler UnityShaderCompiler.exe after 0.03 seconds
Refreshing native plugins compatible for Editor in 10.47 ms, found 4 plugins.
Preloading 0 native plugins for Editor in 0.00 ms.
Unloading 5289 Unused Serialized files (Serialized files now loaded: 0)
Unloading 27 unused Assets / (351.6 KB). Loaded Objects now: 5756.
Memory consumption went from 206.7 MB to 206.4 MB.
Total: 5.338700 ms (FindLiveObjects: 0.633400 ms CreateObjectMapping: 0.384500 ms MarkObjects: 4.021700 ms  DeleteObjects: 0.297400 ms)

AssetImportParameters requested are different than current active one (requested -> active):
  custom:container-demuxer-ogg: 62fdf1f143b41e24485cea50d1cbac27 -> 
  custom:video-codec-MediaFoundation-h265: 746d11721c4dcdbdad8f713fa42b33f4 -> 
  custom:video-decoder-ogg-theora: a1e56fd34408186e4bbccfd4996cb3dc -> 
  custom:framework-win-MediaFoundation: 216162199b28c13a410421893ffa2e32 -> 
  custom:scripting/monoscript/fileName/FPCamera.cs: 1c037d24e0acc343b026b4e45c940244 -> c8ee585e775ce839539edb9638cfd224
  custom:CustomObjectIndexerAttribute: 72b91833f83ae208fae7752999fa3104 -> 
  custom:container-demuxer-webm: 4f35f7cbe854078d1ac9338744f61a02 -> 
  custom:scripting/monoscript/fileName/PrepareBushOrGrassMesh.cs: aceb41db5deab9889da8bbf43f79acbf -> 
  custom:container-muxer-webm: aa71ff27fc2769a1b78a27578f13a17b -> 
  custom:video-decoder-webm-vp8: 9c59270c3fd7afecdb556c50c9e8de78 -> 
  custom:SearchIndexIgnoredProperties: e643bd26f0fe6173181afceb89e7c659 -> 
  custom:AudioImporter_EditorPlatform: d09bf68614088b80899f8185d706f6e7 -> 
  custom:video-encoder-webm-vp8: eb34c28f22e8b96e1ab97ce403110664 -> 
  custom:audio-decoder-ogg-vorbis: bf7c407c2cedff20999df2af8eb42d56 -> 
  custom:audio-encoder-webm-vorbis: bf7c407c2cedff20999df2af8eb42d56 -> 
========================================================================
Received Prepare
Caller must complete domain reload
Begin MonoManager ReloadAssembly
- Loaded All Assemblies, in  0.402 seconds
Native extension for WindowsStandalone target not found
Native extension for WebGL target not found
Mono: successfully reloaded assembly
- Finished resetting the current domain, in  1.391 seconds
Domain Reload Profiling: 1791ms
	BeginReloadAssembly (132ms)
		ExecutionOrderSort (0ms)
		DisableScriptedObjects (3ms)
		BackupInstance (0ms)
		ReleaseScriptingObjects (0ms)
		CreateAndSetChildDomain (25ms)
	RebuildCommonClasses (32ms)
	RebuildNativeTypeToScriptingClass (8ms)
	initialDomainReloadingComplete (27ms)
	LoadAllAssembliesAndSetupDomain (199ms)
		LoadAssemblies (260ms)
		RebuildTransferFunctionScriptingTraits (0ms)
		AnalyzeDomain (16ms)
			TypeCache.Refresh (5ms)
				TypeCache.ScanAssembly (0ms)
			ScanForSourceGeneratedMonoScriptInfo (0ms)
			ResolveRequiredComponents (9ms)
	FinalizeReload (1392ms)
		ReleaseScriptCaches (0ms)
		RebuildScriptCaches (0ms)
		SetupLoadedEditorAssemblies (644ms)
			LogAssemblyErrors (0ms)
			InitializePlatformSupportModulesInManaged (7ms)
			SetLoadedEditorAssemblies (3ms)
			RefreshPlugins (0ms)
			BeforeProcessingInitializeOnLoad (86ms)
			ProcessInitializeOnLoadAttributes (426ms)
			ProcessInitializeOnLoadMethodAttributes (109ms)
			AfterProcessingInitializeOnLoad (14ms)
			EditorAssembliesLoaded (0ms)
		ExecutionOrderSort2 (0ms)
		AwakeInstancesAfterBackupRestoration (27ms)
Refreshing native plugins compatible for Editor in 11.31 ms, found 4 plugins.
Preloading 0 native plugins for Editor in 0.00 ms.
Unloading 5137 Unused Serialized files (Serialized files now loaded: 0)
Unloading 22 unused Assets / (317.4 KB). Loaded Objects now: 5761.
Memory consumption went from 181.4 MB to 181.1 MB.
Total: 4.579700 ms (FindLiveObjects: 0.598000 ms CreateObjectMapping: 0.247800 ms MarkObjects: 3.626100 ms  DeleteObjects: 0.106300 ms)

Prepare: number of updated asset objects reloaded= 0
AssetImportParameters requested are different than current active one (requested -> active):
  custom:container-demuxer-ogg: 62fdf1f143b41e24485cea50d1cbac27 -> 
  custom:video-codec-MediaFoundation-h265: 746d11721c4dcdbdad8f713fa42b33f4 -> 
  custom:video-decoder-ogg-theora: a1e56fd34408186e4bbccfd4996cb3dc -> 
  custom:framework-win-MediaFoundation: 216162199b28c13a410421893ffa2e32 -> 
  custom:scripting/monoscript/fileName/FPCamera.cs: 1c037d24e0acc343b026b4e45c940244 -> c8ee585e775ce839539edb9638cfd224
  custom:CustomObjectIndexerAttribute: 72b91833f83ae208fae7752999fa3104 -> 
  custom:container-demuxer-webm: 4f35f7cbe854078d1ac9338744f61a02 -> 
  custom:scripting/monoscript/fileName/PrepareBushOrGrassMesh.cs: aceb41db5deab9889da8bbf43f79acbf -> 
  custom:container-muxer-webm: aa71ff27fc2769a1b78a27578f13a17b -> 
  custom:video-decoder-webm-vp8: 9c59270c3fd7afecdb556c50c9e8de78 -> 
  custom:SearchIndexIgnoredProperties: e643bd26f0fe6173181afceb89e7c659 -> 
  custom:AudioImporter_EditorPlatform: d09bf68614088b80899f8185d706f6e7 -> 
  custom:video-encoder-webm-vp8: eb34c28f22e8b96e1ab97ce403110664 -> 
  custom:audio-decoder-ogg-vorbis: bf7c407c2cedff20999df2af8eb42d56 -> 
  custom:audio-encoder-webm-vorbis: bf7c407c2cedff20999df2af8eb42d56 -> 
========================================================================
Received Prepare
Caller must complete domain reload
Begin MonoManager ReloadAssembly
- Loaded All Assemblies, in  0.339 seconds
Native extension for WindowsStandalone target not found
Native extension for WebGL target not found
Mono: successfully reloaded assembly
- Finished resetting the current domain, in  1.117 seconds
Domain Reload Profiling: 1454ms
	BeginReloadAssembly (108ms)
		ExecutionOrderSort (0ms)
		DisableScriptedObjects (3ms)
		BackupInstance (0ms)
		ReleaseScriptingObjects (0ms)
		CreateAndSetChildDomain (19ms)
	RebuildCommonClasses (22ms)
	RebuildNativeTypeToScriptingClass (7ms)
	initialDomainReloadingComplete (23ms)
	LoadAllAssembliesAndSetupDomain (177ms)
		LoadAssemblies (222ms)
		RebuildTransferFunctionScriptingTraits (0ms)
		AnalyzeDomain (14ms)
			TypeCache.Refresh (5ms)
				TypeCache.ScanAssembly (0ms)
			ScanForSourceGeneratedMonoScriptInfo (0ms)
			ResolveRequiredComponents (7ms)
	FinalizeReload (1118ms)
		ReleaseScriptCaches (0ms)
		RebuildScriptCaches (0ms)
		SetupLoadedEditorAssemblies (504ms)
			LogAssemblyErrors (0ms)
			InitializePlatformSupportModulesInManaged (7ms)
			SetLoadedEditorAssemblies (3ms)
			RefreshPlugins (0ms)
			BeforeProcessingInitializeOnLoad (52ms)
			ProcessInitializeOnLoadAttributes (337ms)
			ProcessInitializeOnLoadMethodAttributes (92ms)
			AfterProcessingInitializeOnLoad (12ms)
			EditorAssembliesLoaded (0ms)
		ExecutionOrderSort2 (0ms)
		AwakeInstancesAfterBackupRestoration (26ms)
Refreshing native plugins compatible for Editor in 10.30 ms, found 4 plugins.
Preloading 0 native plugins for Editor in 0.00 ms.
Unloading 5137 Unused Serialized files (Serialized files now loaded: 0)
Unloading 22 unused Assets / (317.6 KB). Loaded Objects now: 5766.
Memory consumption went from 181.4 MB to 181.1 MB.
Total: 3.768000 ms (FindLiveObjects: 0.359600 ms CreateObjectMapping: 0.171600 ms MarkObjects: 3.135500 ms  DeleteObjects: 0.100000 ms)

Prepare: number of updated asset objects reloaded= 0
AssetImportParameters requested are different than current active one (requested -> active):
  custom:container-demuxer-ogg: 62fdf1f143b41e24485cea50d1cbac27 -> 
  custom:video-codec-MediaFoundation-h265: 746d11721c4dcdbdad8f713fa42b33f4 -> 
  custom:video-decoder-ogg-theora: a1e56fd34408186e4bbccfd4996cb3dc -> 
  custom:framework-win-MediaFoundation: 216162199b28c13a410421893ffa2e32 -> 
  custom:scripting/monoscript/fileName/FPCamera.cs: 1c037d24e0acc343b026b4e45c940244 -> c8ee585e775ce839539edb9638cfd224
  custom:CustomObjectIndexerAttribute: 72b91833f83ae208fae7752999fa3104 -> 
  custom:container-demuxer-webm: 4f35f7cbe854078d1ac9338744f61a02 -> 
  custom:scripting/monoscript/fileName/PrepareBushOrGrassMesh.cs: aceb41db5deab9889da8bbf43f79acbf -> 
  custom:container-muxer-webm: aa71ff27fc2769a1b78a27578f13a17b -> 
  custom:video-decoder-webm-vp8: 9c59270c3fd7afecdb556c50c9e8de78 -> 
  custom:SearchIndexIgnoredProperties: e643bd26f0fe6173181afceb89e7c659 -> 
  custom:AudioImporter_EditorPlatform: d09bf68614088b80899f8185d706f6e7 -> 
  custom:video-encoder-webm-vp8: eb34c28f22e8b96e1ab97ce403110664 -> 
  custom:audio-decoder-ogg-vorbis: bf7c407c2cedff20999df2af8eb42d56 -> 
  custom:audio-encoder-webm-vorbis: bf7c407c2cedff20999df2af8eb42d56 -> 
========================================================================
Received Import Request.
  Time since last request: 310376.943013 seconds.
  path: Packages/com.unity.render-pipelines.universal/Runtime/Materials/ParticlesUnlit.mat
  artifactKey: Guid(e823cd5b5d27c0f4b8256e7c12ee3e6d) Importer(815301076,1909f56bfc062723c751e8b465ee728b)
Start importing Packages/com.unity.render-pipelines.universal/Runtime/Materials/ParticlesUnlit.mat using Guid(e823cd5b5d27c0f4b8256e7c12ee3e6d) Importer(815301076,1909f56bfc062723c751e8b465ee728b) [PhysX] Initialized MultithreadedTaskDispatcher with 16 workers.
[PhysX] Initialized MultithreadedTaskDispatcher with 16 workers.
 -> (artifact id: 'b5d53dec4762cd23977b0c1519f2911f') in 0.240052 seconds
Number of updated asset objects reloaded before import = 0
Number of asset objects unloaded after import = 20
========================================================================
Received Import Request.
  Time since last request: 36.360438 seconds.
  path: Assets/World Trees/Northern Woodland/Birch/HealthyLarge/T_Birch_HealthyLarge_Bark_Height.png
  artifactKey: Guid(323212b76da23518c26e571e86326437) Importer(815301076,1909f56bfc062723c751e8b465ee728b)
Start importing Assets/World Trees/Northern Woodland/Birch/HealthyLarge/T_Birch_HealthyLarge_Bark_Height.png using Guid(323212b76da23518c26e571e86326437) Importer(815301076,1909f56bfc062723c751e8b465ee728b) [PhysX] Initialized MultithreadedTaskDispatcher with 16 workers.
[PhysX] Initialized MultithreadedTaskDispatcher with 16 workers.
 -> (artifact id: '94f10aa79464eadfc9bb7e8341097e1d') in 0.043155 seconds
Number of updated asset objects reloaded before import = 0
Number of asset objects unloaded after import = 2
========================================================================
Received Import Request.
  Time since last request: 0.000020 seconds.
  path: Assets/World Trees/Northern Woodland/Birch/HealthyLarge/T_Birch_HealthyLarge_Leaf_Height.png
  artifactKey: Guid(3f368072db311f44ef5db17f16092dd9) Importer(815301076,1909f56bfc062723c751e8b465ee728b)
Start importing Assets/World Trees/Northern Woodland/Birch/HealthyLarge/T_Birch_HealthyLarge_Leaf_Height.png using Guid(3f368072db311f44ef5db17f16092dd9) Importer(815301076,1909f56bfc062723c751e8b465ee728b) [PhysX] Initialized MultithreadedTaskDispatcher with 16 workers.
[PhysX] Initialized MultithreadedTaskDispatcher with 16 workers.
 -> (artifact id: '50d50070e94ebcec0486ab64a47d30b7') in 0.021702 seconds
Number of updated asset objects reloaded before import = 0
Number of asset objects unloaded after import = 2
========================================================================
Received Import Request.
  Time since last request: 0.000021 seconds.
  path: Assets/World Trees/Northern Woodland/Birch/HealthyLarge/T_Birch_HealthyLarge_Leaf_Normal.png
  artifactKey: Guid(7e796cf689c25dd0c13ff9cb72612297) Importer(815301076,1909f56bfc062723c751e8b465ee728b)
Start importing Assets/World Trees/Northern Woodland/Birch/HealthyLarge/T_Birch_HealthyLarge_Leaf_Normal.png using Guid(7e796cf689c25dd0c13ff9cb72612297) Importer(815301076,1909f56bfc062723c751e8b465ee728b) [PhysX] Initialized MultithreadedTaskDispatcher with 16 workers.
[PhysX] Initialized MultithreadedTaskDispatcher with 16 workers.
 -> (artifact id: '3624b8c44937aeea3524e976d0ab14c1') in 0.029171 seconds
Number of updated asset objects reloaded before import = 0
Number of asset objects unloaded after import = 2
========================================================================
Received Import Request.
  Time since last request: 0.000023 seconds.
  path: Assets/World Trees/Northern Woodland/Birch/HealthyLarge/T_Birch_HealthyLarge_Leaf_BaseColor.png
  artifactKey: Guid(806578ccbb68a85ebe9b8af9ca2747a6) Importer(815301076,1909f56bfc062723c751e8b465ee728b)
Start importing Assets/World Trees/Northern Woodland/Birch/HealthyLarge/T_Birch_HealthyLarge_Leaf_BaseColor.png using Guid(806578ccbb68a85ebe9b8af9ca2747a6) Importer(815301076,1909f56bfc062723c751e8b465ee728b) [PhysX] Initialized MultithreadedTaskDispatcher with 16 workers.
[PhysX] Initialized MultithreadedTaskDispatcher with 16 workers.
 -> (artifact id: '635814ac9072aa0960b366a32708a024') in 0.022815 seconds
Number of updated asset objects reloaded before import = 0
Number of asset objects unloaded after import = 2
========================================================================
Received Import Request.
  Time since last request: 0.000024 seconds.
  path: Assets/World Trees/Northern Woodland/Birch/HealthyLarge/T_Birch_HealthyLarge_Leaf_MetallicSmoothness.png
  artifactKey: Guid(526fc309267ba7b23644e3cd90ba078a) Importer(815301076,1909f56bfc062723c751e8b465ee728b)
Start importing Assets/World Trees/Northern Woodland/Birch/HealthyLarge/T_Birch_HealthyLarge_Leaf_MetallicSmoothness.png using Guid(526fc309267ba7b23644e3cd90ba078a) Importer(815301076,1909f56bfc062723c751e8b465ee728b) [PhysX] Initialized MultithreadedTaskDispatcher with 16 workers.
[PhysX] Initialized MultithreadedTaskDispatcher with 16 workers.
 -> (artifact id: 'a90df7eb7238a0bfa34768ecea7ecc66') in 0.007746 seconds
Number of updated asset objects reloaded before import = 0
Number of asset objects unloaded after import = 2
========================================================================
Received Import Request.
  Time since last request: 0.076319 seconds.
  path: Assets/World Trees/Northern Woodland/Birch/HealthySmall/T_Birch_HealthySmall_Bark_Height.png
  artifactKey: Guid(aae22e18f55d99ab8f782d8946d3e969) Importer(815301076,1909f56bfc062723c751e8b465ee728b)
Start importing Assets/World Trees/Northern Woodland/Birch/HealthySmall/T_Birch_HealthySmall_Bark_Height.png using Guid(aae22e18f55d99ab8f782d8946d3e969) Importer(815301076,1909f56bfc062723c751e8b465ee728b) [PhysX] Initialized MultithreadedTaskDispatcher with 16 workers.
[PhysX] Initialized MultithreadedTaskDispatcher with 16 workers.
 -> (artifact id: '6cc3eaad21d3fcd171e9fada12383994') in 0.024153 seconds
Number of updated asset objects reloaded before import = 0
Number of asset objects unloaded after import = 2
========================================================================
Received Import Request.
  Time since last request: 0.000018 seconds.
  path: Assets/World Trees/Northern Woodland/Birch/HealthySmall/T_Birch_HealthySmall_Leaf_MetallicSmoothness.png
  artifactKey: Guid(9a3c4b86533f388a23ec3315104c2f4e) Importer(815301076,1909f56bfc062723c751e8b465ee728b)
Start importing Assets/World Trees/Northern Woodland/Birch/HealthySmall/T_Birch_HealthySmall_Leaf_MetallicSmoothness.png using Guid(9a3c4b86533f388a23ec3315104c2f4e) Importer(815301076,1909f56bfc062723c751e8b465ee728b) [PhysX] Initialized MultithreadedTaskDispatcher with 16 workers.
[PhysX] Initialized MultithreadedTaskDispatcher with 16 workers.
 -> (artifact id: 'da7a55f566a0f69b3b58ba995931fb12') in 0.009196 seconds
Number of updated asset objects reloaded before import = 0
Number of asset objects unloaded after import = 2
========================================================================
Received Import Request.
  Time since last request: 0.000019 seconds.
  path: Assets/World Trees/Northern Woodland/Birch/HealthySmall/T_Birch_HealthySmall_Leaf_Normal.png
  artifactKey: Guid(900ee50e9d6f1915032a95da7c6d9cff) Importer(815301076,1909f56bfc062723c751e8b465ee728b)
Start importing Assets/World Trees/Northern Woodland/Birch/HealthySmall/T_Birch_HealthySmall_Leaf_Normal.png using Guid(900ee50e9d6f1915032a95da7c6d9cff) Importer(815301076,1909f56bfc062723c751e8b465ee728b) [PhysX] Initialized MultithreadedTaskDispatcher with 16 workers.
[PhysX] Initialized MultithreadedTaskDispatcher with 16 workers.
 -> (artifact id: 'b0040a3321713346bc790662a7207bab') in 0.018152 seconds
Number of updated asset objects reloaded before import = 0
Number of asset objects unloaded after import = 2
========================================================================
Received Import Request.
  Time since last request: 0.000019 seconds.
  path: Assets/World Trees/Northern Woodland/Birch/SunbleachedSmall/T_Birch_SunbleachedSmall_Leaf_MetallicSmoothness.png
  artifactKey: Guid(fb0dee878b4d846e994badb0493d1388) Importer(815301076,1909f56bfc062723c751e8b465ee728b)
Start importing Assets/World Trees/Northern Woodland/Birch/SunbleachedSmall/T_Birch_SunbleachedSmall_Leaf_MetallicSmoothness.png using Guid(fb0dee878b4d846e994badb0493d1388) Importer(815301076,1909f56bfc062723c751e8b465ee728b) [PhysX] Initialized MultithreadedTaskDispatcher with 16 workers.
[PhysX] Initialized MultithreadedTaskDispatcher with 16 workers.
 -> (artifact id: '7ea189e659fb5384f50196e89ec9ac42') in 0.009163 seconds
Number of updated asset objects reloaded before import = 0
Number of asset objects unloaded after import = 2
========================================================================
Received Import Request.
  Time since last request: 0.000018 seconds.
  path: Assets/World Trees/Northern Woodland/Birch/WeatheredLarge/T_Birch_WeatheredLarge_Leaf_Height.png
  artifactKey: Guid(83a4168af690d1ff4d727619bc99ea66) Importer(815301076,1909f56bfc062723c751e8b465ee728b)
Start importing Assets/World Trees/Northern Woodland/Birch/WeatheredLarge/T_Birch_WeatheredLarge_Leaf_Height.png using Guid(83a4168af690d1ff4d727619bc99ea66) Importer(815301076,1909f56bfc062723c751e8b465ee728b) [PhysX] Initialized MultithreadedTaskDispatcher with 16 workers.
[PhysX] Initialized MultithreadedTaskDispatcher with 16 workers.
 -> (artifact id: '1c2a16a2c7b1fa79b4a99411d4f14cf0') in 0.019224 seconds
Number of updated asset objects reloaded before import = 0
Number of asset objects unloaded after import = 2
========================================================================
Received Import Request.
  Time since last request: 0.000022 seconds.
  path: Assets/World Trees/Northern Woodland/Elm/HealthyLarge/T_Elm_HealthyLarge_Leaf_Height.png
  artifactKey: Guid(8ac94912f27ab55efbb9fe660cf72654) Importer(815301076,1909f56bfc062723c751e8b465ee728b)
Start importing Assets/World Trees/Northern Woodland/Elm/HealthyLarge/T_Elm_HealthyLarge_Leaf_Height.png using Guid(8ac94912f27ab55efbb9fe660cf72654) Importer(815301076,1909f56bfc062723c751e8b465ee728b) [PhysX] Initialized MultithreadedTaskDispatcher with 16 workers.
[PhysX] Initialized MultithreadedTaskDispatcher with 16 workers.
 -> (artifact id: '1736a199fb350a6b1f5718976e10669d') in 0.023102 seconds
Number of updated asset objects reloaded before import = 0
Number of asset objects unloaded after import = 2
========================================================================
Received Import Request.
  Time since last request: 0.000027 seconds.
  path: Assets/World Trees/Northern Woodland/Birch/WeatheredLarge/T_Birch_WeatheredLarge_Leaf_Normal.png
  artifactKey: Guid(f72aa4de3ef3be64f08e4f49ab085801) Importer(815301076,1909f56bfc062723c751e8b465ee728b)
Start importing Assets/World Trees/Northern Woodland/Birch/WeatheredLarge/T_Birch_WeatheredLarge_Leaf_Normal.png using Guid(f72aa4de3ef3be64f08e4f49ab085801) Importer(815301076,1909f56bfc062723c751e8b465ee728b) [PhysX] Initialized MultithreadedTaskDispatcher with 16 workers.
[PhysX] Initialized MultithreadedTaskDispatcher with 16 workers.
 -> (artifact id: 'df7a05523bab57845d1eaab5283bbf02') in 0.018624 seconds
Number of updated asset objects reloaded before import = 0
Number of asset objects unloaded after import = 2
========================================================================
Received Import Request.
  Time since last request: 0.000029 seconds.
  path: Assets/World Trees/Northern Woodland/Elm/HealthySmall/T_Elm_HealthySmall_Bark_BaseColor.png
  artifactKey: Guid(0e42d18eaa25c17e655befc8751be4a2) Importer(815301076,1909f56bfc062723c751e8b465ee728b)
Start importing Assets/World Trees/Northern Woodland/Elm/HealthySmall/T_Elm_HealthySmall_Bark_BaseColor.png using Guid(0e42d18eaa25c17e655befc8751be4a2) Importer(815301076,1909f56bfc062723c751e8b465ee728b) [PhysX] Initialized MultithreadedTaskDispatcher with 16 workers.
[PhysX] Initialized MultithreadedTaskDispatcher with 16 workers.
 -> (artifact id: '22d7cd8eb9f6e9235a7a8a03d66398be') in 0.026608 seconds
Number of updated asset objects reloaded before import = 0
Number of asset objects unloaded after import = 2
========================================================================
Received Import Request.
  Time since last request: 0.000056 seconds.
  path: Assets/World Trees/Northern Woodland/Elm/HealthySmall/T_Elm_HealthySmall_Bark_Normal.png
  artifactKey: Guid(849e278f6315ff9125187e4f53b8e4bd) Importer(815301076,1909f56bfc062723c751e8b465ee728b)
Start importing Assets/World Trees/Northern Woodland/Elm/HealthySmall/T_Elm_HealthySmall_Bark_Normal.png using Guid(849e278f6315ff9125187e4f53b8e4bd) Importer(815301076,1909f56bfc062723c751e8b465ee728b) [PhysX] Initialized MultithreadedTaskDispatcher with 16 workers.
[PhysX] Initialized MultithreadedTaskDispatcher with 16 workers.
 -> (artifact id: 'dd065692045aee8387d37ad1812623b4') in 0.020550 seconds
Number of updated asset objects reloaded before import = 0
Number of asset objects unloaded after import = 2
========================================================================
Received Import Request.
  Time since last request: 0.000034 seconds.
  path: Assets/World Trees/Northern Woodland/Elm/LushSmall/T_Elm_LushSmall_Bark_Normal.png
  artifactKey: Guid(02c786702e9cf1bcbd0d40c88a3e4b93) Importer(815301076,1909f56bfc062723c751e8b465ee728b)
Start importing Assets/World Trees/Northern Woodland/Elm/LushSmall/T_Elm_LushSmall_Bark_Normal.png using Guid(02c786702e9cf1bcbd0d40c88a3e4b93) Importer(815301076,1909f56bfc062723c751e8b465ee728b) [PhysX] Initialized MultithreadedTaskDispatcher with 16 workers.
[PhysX] Initialized MultithreadedTaskDispatcher with 16 workers.
 -> (artifact id: '46fcb361e44f3a790866e401a0163a82') in 0.021261 seconds
Number of updated asset objects reloaded before import = 0
Number of asset objects unloaded after import = 2
========================================================================
Received Import Request.
  Time since last request: 0.000030 seconds.
  path: Assets/World Trees/Northern Woodland/Elm/LushSmall/T_Elm_LushSmall_Bark_MetallicSmoothness.png
  artifactKey: Guid(dd762a6b309c90926079530511a489c1) Importer(815301076,1909f56bfc062723c751e8b465ee728b)
Start importing Assets/World Trees/Northern Woodland/Elm/LushSmall/T_Elm_LushSmall_Bark_MetallicSmoothness.png using Guid(dd762a6b309c90926079530511a489c1) Importer(815301076,1909f56bfc062723c751e8b465ee728b) [PhysX] Initialized MultithreadedTaskDispatcher with 16 workers.
[PhysX] Initialized MultithreadedTaskDispatcher with 16 workers.
 -> (artifact id: '43e0eb4bb004cccbc3b7a3ea03187476') in 0.016192 seconds
Number of updated asset objects reloaded before import = 0
Number of asset objects unloaded after import = 2
========================================================================
Received Import Request.
  Time since last request: 0.000022 seconds.
  path: Assets/World Trees/Northern Woodland/Birch/SunbleachedSmall/T_Birch_SunbleachedSmall_Bark_BaseColor.png
  artifactKey: Guid(894a0f0ddba7ec758f8967f968440591) Importer(815301076,1909f56bfc062723c751e8b465ee728b)
Start importing Assets/World Trees/Northern Woodland/Birch/SunbleachedSmall/T_Birch_SunbleachedSmall_Bark_BaseColor.png using Guid(894a0f0ddba7ec758f8967f968440591) Importer(815301076,1909f56bfc062723c751e8b465ee728b) [PhysX] Initialized MultithreadedTaskDispatcher with 16 workers.
[PhysX] Initialized MultithreadedTaskDispatcher with 16 workers.
 -> (artifact id: 'f55bd8fd81cdbf67419c42eb378c412d') in 0.018265 seconds
Number of updated asset objects reloaded before import = 0
Number of asset objects unloaded after import = 2
========================================================================
Received Import Request.
  Time since last request: 0.000022 seconds.
  path: Assets/World Trees/Northern Woodland/Birch/WeatheredLarge/T_Birch_WeatheredLarge_Bark_Normal.png
  artifactKey: Guid(850a0c532c4dd50aab0621038e581986) Importer(815301076,1909f56bfc062723c751e8b465ee728b)
Start importing Assets/World Trees/Northern Woodland/Birch/WeatheredLarge/T_Birch_WeatheredLarge_Bark_Normal.png using Guid(850a0c532c4dd50aab0621038e581986) Importer(815301076,1909f56bfc062723c751e8b465ee728b) [PhysX] Initialized MultithreadedTaskDispatcher with 16 workers.
[PhysX] Initialized MultithreadedTaskDispatcher with 16 workers.
 -> (artifact id: '818ed5cdf1ac5a26ecdd25b624522e04') in 0.025299 seconds
Number of updated asset objects reloaded before import = 0
Number of asset objects unloaded after import = 2
========================================================================
Received Import Request.
  Time since last request: 0.000298 seconds.
  path: Assets/World Trees/Northern Woodland/Elm/HealthyLarge/T_Elm_HealthyLarge_Bark_MetallicSmoothness.png
  artifactKey: Guid(5c73abc01f2dcb9d60fd0cd8b83d82be) Importer(815301076,1909f56bfc062723c751e8b465ee728b)
Start importing Assets/World Trees/Northern Woodland/Elm/HealthyLarge/T_Elm_HealthyLarge_Bark_MetallicSmoothness.png using Guid(5c73abc01f2dcb9d60fd0cd8b83d82be) Importer(815301076,1909f56bfc062723c751e8b465ee728b) [PhysX] Initialized MultithreadedTaskDispatcher with 16 workers.
[PhysX] Initialized MultithreadedTaskDispatcher with 16 workers.
 -> (artifact id: 'df7f02d8c0c962ea60a9e65aa0b2e56f') in 0.008878 seconds
Number of updated asset objects reloaded before import = 0
Number of asset objects unloaded after import = 2
========================================================================
Received Import Request.
  Time since last request: 0.000024 seconds.
  path: Assets/World Trees/Northern Woodland/Birch/HealthySmall/T_Birch_HealthySmall_Leaf_BaseColor.png
  artifactKey: Guid(9bd48a9033d16b1768f006151cc589b1) Importer(815301076,1909f56bfc062723c751e8b465ee728b)
Start importing Assets/World Trees/Northern Woodland/Birch/HealthySmall/T_Birch_HealthySmall_Leaf_BaseColor.png using Guid(9bd48a9033d16b1768f006151cc589b1) Importer(815301076,1909f56bfc062723c751e8b465ee728b) [PhysX] Initialized MultithreadedTaskDispatcher with 16 workers.
[PhysX] Initialized MultithreadedTaskDispatcher with 16 workers.
 -> (artifact id: '847b9233b29e2075c2c987bcbe9dcc5f') in 0.024729 seconds
Number of updated asset objects reloaded before import = 0
Number of asset objects unloaded after import = 2
========================================================================
Received Import Request.
  Time since last request: 0.000036 seconds.
  path: Assets/World Trees/Northern Woodland/Elm/HealthySmall/T_Elm_HealthySmall_Leaf_MetallicSmoothness.png
  artifactKey: Guid(a88980a035dd67834952fb4edddc2964) Importer(815301076,1909f56bfc062723c751e8b465ee728b)
Start importing Assets/World Trees/Northern Woodland/Elm/HealthySmall/T_Elm_HealthySmall_Leaf_MetallicSmoothness.png using Guid(a88980a035dd67834952fb4edddc2964) Importer(815301076,1909f56bfc062723c751e8b465ee728b) [PhysX] Initialized MultithreadedTaskDispatcher with 16 workers.
[PhysX] Initialized MultithreadedTaskDispatcher with 16 workers.
 -> (artifact id: '3d3def80f80fe7a165fd8380cfaec476') in 0.009825 seconds
Number of updated asset objects reloaded before import = 0
Number of asset objects unloaded after import = 2
========================================================================
Received Import Request.
  Time since last request: 0.000088 seconds.
  path: Assets/World Trees/Northern Woodland/Elm/HealthyLarge/T_Elm_HealthyLarge_Bark_Normal.png
  artifactKey: Guid(7d95c7d1949f8e20309ef1b7d25245cf) Importer(815301076,1909f56bfc062723c751e8b465ee728b)
Start importing Assets/World Trees/Northern Woodland/Elm/HealthyLarge/T_Elm_HealthyLarge_Bark_Normal.png using Guid(7d95c7d1949f8e20309ef1b7d25245cf) Importer(815301076,1909f56bfc062723c751e8b465ee728b) [PhysX] Initialized MultithreadedTaskDispatcher with 16 workers.
[PhysX] Initialized MultithreadedTaskDispatcher with 16 workers.
 -> (artifact id: '254afc320b51ea085522983dbc1a7dd7') in 0.020850 seconds
Number of updated asset objects reloaded before import = 0
Number of asset objects unloaded after import = 2
========================================================================
Received Import Request.
  Time since last request: 0.000064 seconds.
  path: Assets/World Trees/Northern Woodland/Hazel/HealthyLarge/T_Hazel_HealthyLarge_Bark_Normal.png
  artifactKey: Guid(b4e23b9dd356cf2fcf6955c44c4cc96e) Importer(815301076,1909f56bfc062723c751e8b465ee728b)
Start importing Assets/World Trees/Northern Woodland/Hazel/HealthyLarge/T_Hazel_HealthyLarge_Bark_Normal.png using Guid(b4e23b9dd356cf2fcf6955c44c4cc96e) Importer(815301076,1909f56bfc062723c751e8b465ee728b) [PhysX] Initialized MultithreadedTaskDispatcher with 16 workers.
[PhysX] Initialized MultithreadedTaskDispatcher with 16 workers.
 -> (artifact id: '7a39f231bf8d3687758c60752f6a93fb') in 0.020809 seconds
Number of updated asset objects reloaded before import = 0
Number of asset objects unloaded after import = 2
========================================================================
Received Import Request.
  Time since last request: 0.000022 seconds.
  path: Assets/World Trees/Northern Woodland/Elm/WeatheredLarge/T_Elm_WeatheredLarge_Bark_BaseColor.png
  artifactKey: Guid(b93ddfd7ebeddf26e579d932ef137414) Importer(815301076,1909f56bfc062723c751e8b465ee728b)
Start importing Assets/World Trees/Northern Woodland/Elm/WeatheredLarge/T_Elm_WeatheredLarge_Bark_BaseColor.png using Guid(b93ddfd7ebeddf26e579d932ef137414) Importer(815301076,1909f56bfc062723c751e8b465ee728b) [PhysX] Initialized MultithreadedTaskDispatcher with 16 workers.
[PhysX] Initialized MultithreadedTaskDispatcher with 16 workers.
 -> (artifact id: 'ce3967ae3babbf060e2e0db3aac7e6f2') in 0.019616 seconds
Number of updated asset objects reloaded before import = 0
Number of asset objects unloaded after import = 2
========================================================================
Received Import Request.
  Time since last request: 0.000023 seconds.
  path: Assets/World Trees/Northern Woodland/Hazel/HealthySmall/T_Hazel_HealthySmall_Leaf_Height.png
  artifactKey: Guid(df04a96d9eebb78872e8d49822595b02) Importer(815301076,1909f56bfc062723c751e8b465ee728b)
Start importing Assets/World Trees/Northern Woodland/Hazel/HealthySmall/T_Hazel_HealthySmall_Leaf_Height.png using Guid(df04a96d9eebb78872e8d49822595b02) Importer(815301076,1909f56bfc062723c751e8b465ee728b) [PhysX] Initialized MultithreadedTaskDispatcher with 16 workers.
[PhysX] Initialized MultithreadedTaskDispatcher with 16 workers.
 -> (artifact id: '6491ba5aac3719b97a55b2c88c7fe2c3') in 0.019059 seconds
Number of updated asset objects reloaded before import = 0
Number of asset objects unloaded after import = 2
========================================================================
Received Import Request.
  Time since last request: 0.000022 seconds.
  path: Assets/World Trees/Northern Woodland/Hazel/LushLarge/T_Hazel_LushLarge_Bark_MetallicSmoothness.png
  artifactKey: Guid(09a679891338792887f638b1b2f30f8c) Importer(815301076,1909f56bfc062723c751e8b465ee728b)
Start importing Assets/World Trees/Northern Woodland/Hazel/LushLarge/T_Hazel_LushLarge_Bark_MetallicSmoothness.png using Guid(09a679891338792887f638b1b2f30f8c) Importer(815301076,1909f56bfc062723c751e8b465ee728b) [PhysX] Initialized MultithreadedTaskDispatcher with 16 workers.
[PhysX] Initialized MultithreadedTaskDispatcher with 16 workers.
 -> (artifact id: '0eb160f43b88d4d0bc3bc8582a89d450') in 0.008300 seconds
Number of updated asset objects reloaded before import = 0
Number of asset objects unloaded after import = 2
========================================================================
Received Import Request.
  Time since last request: 0.000027 seconds.
  path: Assets/Fantasy Skybox FREE/Scenes/Textures (Terrain)/Texture_Dirt_Diffuse.png
  artifactKey: Guid(37d1938c74868484ea08b34225eb73b7) Importer(815301076,1909f56bfc062723c751e8b465ee728b)
Start importing Assets/Fantasy Skybox FREE/Scenes/Textures (Terrain)/Texture_Dirt_Diffuse.png using Guid(37d1938c74868484ea08b34225eb73b7) Importer(815301076,1909f56bfc062723c751e8b465ee728b) [PhysX] Initialized MultithreadedTaskDispatcher with 16 workers.
[PhysX] Initialized MultithreadedTaskDispatcher with 16 workers.
 -> (artifact id: '8fee1130679f28b318f59bc60e2fa161') in 0.024995 seconds
Number of updated asset objects reloaded before import = 0
Number of asset objects unloaded after import = 2
========================================================================
Received Import Request.
  Time since last request: 0.000022 seconds.
  path: Assets/World Trees/Northern Woodland/Hazel/WeatheredSmall/T_Hazel_WeatheredSmall_Bark_BaseColor.png
  artifactKey: Guid(cd19f7af33c4692f4fe75019a55273a3) Importer(815301076,1909f56bfc062723c751e8b465ee728b)
Start importing Assets/World Trees/Northern Woodland/Hazel/WeatheredSmall/T_Hazel_WeatheredSmall_Bark_BaseColor.png using Guid(cd19f7af33c4692f4fe75019a55273a3) Importer(815301076,1909f56bfc062723c751e8b465ee728b) [PhysX] Initialized MultithreadedTaskDispatcher with 16 workers.
[PhysX] Initialized MultithreadedTaskDispatcher with 16 workers.
 -> (artifact id: 'bdcfb4f59178803e00cfc3b1743094b0') in 0.021010 seconds
Number of updated asset objects reloaded before import = 0
Number of asset objects unloaded after import = 2
========================================================================
Received Import Request.
  Time since last request: 0.000028 seconds.
  path: Assets/World Trees/Northern Woodland/Hazel/WeatheredSmall/T_Hazel_WeatheredSmall_Leaf_Height.png
  artifactKey: Guid(84355008d44fdeb146d8f95353030aec) Importer(815301076,1909f56bfc062723c751e8b465ee728b)
Start importing Assets/World Trees/Northern Woodland/Hazel/WeatheredSmall/T_Hazel_WeatheredSmall_Leaf_Height.png using Guid(84355008d44fdeb146d8f95353030aec) Importer(815301076,1909f56bfc062723c751e8b465ee728b) [PhysX] Initialized MultithreadedTaskDispatcher with 16 workers.
[PhysX] Initialized MultithreadedTaskDispatcher with 16 workers.
 -> (artifact id: '5635fc1f5923441bfe92ba23c2948829') in 0.024667 seconds
Number of updated asset objects reloaded before import = 0
Number of asset objects unloaded after import = 2
========================================================================
Received Import Request.
  Time since last request: 0.000033 seconds.
  path: Assets/World Trees/Northern Woodland/Elm/WeatheredLarge/T_Elm_WeatheredLarge_Bark_MetallicSmoothness.png
  artifactKey: Guid(4fa88d03012c44e7567f0179994c7035) Importer(815301076,1909f56bfc062723c751e8b465ee728b)
Start importing Assets/World Trees/Northern Woodland/Elm/WeatheredLarge/T_Elm_WeatheredLarge_Bark_MetallicSmoothness.png using Guid(4fa88d03012c44e7567f0179994c7035) Importer(815301076,1909f56bfc062723c751e8b465ee728b) [PhysX] Initialized MultithreadedTaskDispatcher with 16 workers.
[PhysX] Initialized MultithreadedTaskDispatcher with 16 workers.
 -> (artifact id: '913486717d90a0943ca0fa054ec115e8') in 0.011170 seconds
Number of updated asset objects reloaded before import = 0
Number of asset objects unloaded after import = 2
========================================================================
Received Import Request.
  Time since last request: 0.000022 seconds.
  path: Assets/World Trees/Northern Woodland/Hazel/LushLarge/T_Hazel_LushLarge_Bark_Height.png
  artifactKey: Guid(eea6d666d0e200111d7250e1015e089c) Importer(815301076,1909f56bfc062723c751e8b465ee728b)
Start importing Assets/World Trees/Northern Woodland/Hazel/LushLarge/T_Hazel_LushLarge_Bark_Height.png using Guid(eea6d666d0e200111d7250e1015e089c) Importer(815301076,1909f56bfc062723c751e8b465ee728b) [PhysX] Initialized MultithreadedTaskDispatcher with 16 workers.
[PhysX] Initialized MultithreadedTaskDispatcher with 16 workers.
 -> (artifact id: 'aa7704536031b4907cdbabbdf7e95f6a') in 0.022629 seconds
Number of updated asset objects reloaded before import = 0
Number of asset objects unloaded after import = 2
========================================================================
Received Import Request.
  Time since last request: 0.000058 seconds.
  path: Assets/World Trees/Northern Woodland/Hazel/LushLarge/T_Hazel_LushLarge_Leaf_BaseColor.png
  artifactKey: Guid(0b943130f3a13b5fa0113ce0acae6ba5) Importer(815301076,1909f56bfc062723c751e8b465ee728b)
Start importing Assets/World Trees/Northern Woodland/Hazel/LushLarge/T_Hazel_LushLarge_Leaf_BaseColor.png using Guid(0b943130f3a13b5fa0113ce0acae6ba5) Importer(815301076,1909f56bfc062723c751e8b465ee728b) [PhysX] Initialized MultithreadedTaskDispatcher with 16 workers.
[PhysX] Initialized MultithreadedTaskDispatcher with 16 workers.
 -> (artifact id: '0acdebe58080eb0223e21dd738313537') in 0.019781 seconds
Number of updated asset objects reloaded before import = 0
Number of asset objects unloaded after import = 2
========================================================================
Received Import Request.
  Time since last request: 0.000079 seconds.
  path: Assets/World Trees/Northern Woodland/Hazel/LushLarge/T_Hazel_LushLarge_Leaf_Height.png
  artifactKey: Guid(69332c312567e6d294cae683f8aef19f) Importer(815301076,1909f56bfc062723c751e8b465ee728b)
Start importing Assets/World Trees/Northern Woodland/Hazel/LushLarge/T_Hazel_LushLarge_Leaf_Height.png using Guid(69332c312567e6d294cae683f8aef19f) Importer(815301076,1909f56bfc062723c751e8b465ee728b) [PhysX] Initialized MultithreadedTaskDispatcher with 16 workers.
[PhysX] Initialized MultithreadedTaskDispatcher with 16 workers.
 -> (artifact id: 'f60841206fc7f13bec2ff5a8f02a2c24') in 0.019364 seconds
Number of updated asset objects reloaded before import = 0
Number of asset objects unloaded after import = 2
========================================================================
Received Import Request.
  Time since last request: 0.000043 seconds.
  path: Assets/World Trees/Northern Woodland/Hazel/HealthyLarge/T_Hazel_HealthyLarge_Leaf_Normal.png
  artifactKey: Guid(038a39245bc2f953e4c5a976fd8f4daa) Importer(815301076,1909f56bfc062723c751e8b465ee728b)
Start importing Assets/World Trees/Northern Woodland/Hazel/HealthyLarge/T_Hazel_HealthyLarge_Leaf_Normal.png using Guid(038a39245bc2f953e4c5a976fd8f4daa) Importer(815301076,1909f56bfc062723c751e8b465ee728b) [PhysX] Initialized MultithreadedTaskDispatcher with 16 workers.
[PhysX] Initialized MultithreadedTaskDispatcher with 16 workers.
 -> (artifact id: '67833edd1448c854f1cbecb6a94b1c55') in 0.030302 seconds
Number of updated asset objects reloaded before import = 0
Number of asset objects unloaded after import = 2
========================================================================
Received Import Request.
  Time since last request: 0.000022 seconds.
  path: Assets/World Trees/Northern Woodland/Hazel/LushLarge/T_Hazel_LushLarge_Bark_BaseColor.png
  artifactKey: Guid(bf7f3f06ffd5fcb3ff9547691bad25af) Importer(815301076,1909f56bfc062723c751e8b465ee728b)
Start importing Assets/World Trees/Northern Woodland/Hazel/LushLarge/T_Hazel_LushLarge_Bark_BaseColor.png using Guid(bf7f3f06ffd5fcb3ff9547691bad25af) Importer(815301076,1909f56bfc062723c751e8b465ee728b) [PhysX] Initialized MultithreadedTaskDispatcher with 16 workers.
[PhysX] Initialized MultithreadedTaskDispatcher with 16 workers.
 -> (artifact id: '4df6262ce76f13510d4f14ff01123054') in 0.026995 seconds
Number of updated asset objects reloaded before import = 0
Number of asset objects unloaded after import = 2
========================================================================
Received Import Request.
  Time since last request: 0.000028 seconds.
  path: Assets/World Trees/Northern Woodland/Elm/LushSmall/T_Elm_LushSmall_Leaf_MetallicSmoothness.png
  artifactKey: Guid(a57d0d1a3e40e00eb970ef25f0b7fa7e) Importer(815301076,1909f56bfc062723c751e8b465ee728b)
Start importing Assets/World Trees/Northern Woodland/Elm/LushSmall/T_Elm_LushSmall_Leaf_MetallicSmoothness.png using Guid(a57d0d1a3e40e00eb970ef25f0b7fa7e) Importer(815301076,1909f56bfc062723c751e8b465ee728b) [PhysX] Initialized MultithreadedTaskDispatcher with 16 workers.
[PhysX] Initialized MultithreadedTaskDispatcher with 16 workers.
 -> (artifact id: '80636d5853010e8489132ff59dfe2d57') in 0.014070 seconds
Number of updated asset objects reloaded before import = 0
Number of asset objects unloaded after import = 2
========================================================================
Received Import Request.
  Time since last request: 0.000027 seconds.
  path: Assets/World Trees/Northern Woodland/Hazel/HealthyLarge/T_Hazel_HealthyLarge_Leaf_MetallicSmoothness.png
  artifactKey: Guid(26c099fced6dfab7e0645e4e27165e07) Importer(815301076,1909f56bfc062723c751e8b465ee728b)
Start importing Assets/World Trees/Northern Woodland/Hazel/HealthyLarge/T_Hazel_HealthyLarge_Leaf_MetallicSmoothness.png using Guid(26c099fced6dfab7e0645e4e27165e07) Importer(815301076,1909f56bfc062723c751e8b465ee728b) [PhysX] Initialized MultithreadedTaskDispatcher with 16 workers.
[PhysX] Initialized MultithreadedTaskDispatcher with 16 workers.
 -> (artifact id: 'b7719431b51595eceab480fb14ef7a5d') in 0.010666 seconds
Number of updated asset objects reloaded before import = 0
Number of asset objects unloaded after import = 2
========================================================================
Received Import Request.
  Time since last request: 0.000035 seconds.
  path: Assets/World Trees/Northern Woodland/Hazel/HealthySmall/T_Hazel_HealthySmall_Leaf_MetallicSmoothness.png
  artifactKey: Guid(3f61279f815331b65ca29719a01582cf) Importer(815301076,1909f56bfc062723c751e8b465ee728b)
Start importing Assets/World Trees/Northern Woodland/Hazel/HealthySmall/T_Hazel_HealthySmall_Leaf_MetallicSmoothness.png using Guid(3f61279f815331b65ca29719a01582cf) Importer(815301076,1909f56bfc062723c751e8b465ee728b) [PhysX] Initialized MultithreadedTaskDispatcher with 16 workers.
[PhysX] Initialized MultithreadedTaskDispatcher with 16 workers.
 -> (artifact id: '117940fc03a6fc4065530b6954019f9d') in 0.009681 seconds
Number of updated asset objects reloaded before import = 0
Number of asset objects unloaded after import = 2
========================================================================
Received Import Request.
  Time since last request: 0.000024 seconds.
  path: Assets/World Trees/Northern Woodland/Elm/LushSmall/T_Elm_LushSmall_Leaf_Normal.png
  artifactKey: Guid(7b1329af7bd5cb30234af3332f3c9b8d) Importer(815301076,1909f56bfc062723c751e8b465ee728b)
Start importing Assets/World Trees/Northern Woodland/Elm/LushSmall/T_Elm_LushSmall_Leaf_Normal.png using Guid(7b1329af7bd5cb30234af3332f3c9b8d) Importer(815301076,1909f56bfc062723c751e8b465ee728b) [PhysX] Initialized MultithreadedTaskDispatcher with 16 workers.
[PhysX] Initialized MultithreadedTaskDispatcher with 16 workers.
 -> (artifact id: '4eaa67e31b8892e14cf33bc1c45e34b1') in 0.034398 seconds
Number of updated asset objects reloaded before import = 0
Number of asset objects unloaded after import = 2
========================================================================
Received Import Request.
  Time since last request: 0.000024 seconds.
  path: Assets/World Trees/Northern Woodland/Hazel/WeatheredSmall/T_Hazel_WeatheredSmall_Leaf_BaseColor.png
  artifactKey: Guid(9cd1869e7e4314730a50e15bc6f931e8) Importer(815301076,1909f56bfc062723c751e8b465ee728b)
Start importing Assets/World Trees/Northern Woodland/Hazel/WeatheredSmall/T_Hazel_WeatheredSmall_Leaf_BaseColor.png using Guid(9cd1869e7e4314730a50e15bc6f931e8) Importer(815301076,1909f56bfc062723c751e8b465ee728b) [PhysX] Initialized MultithreadedTaskDispatcher with 16 workers.
[PhysX] Initialized MultithreadedTaskDispatcher with 16 workers.
 -> (artifact id: 'b1c1129afcb4b4017b4346bd7b803d4d') in 0.033936 seconds
Number of updated asset objects reloaded before import = 0
Number of asset objects unloaded after import = 2
========================================================================
Received Import Request.
  Time since last request: 0.000022 seconds.
  path: Assets/World Trees/Northern Woodland/Birch/WeatheredLarge/T_Birch_WeatheredLarge_Bark_MetallicSmoothness.png
  artifactKey: Guid(d751220f376748beeae18b5e6e994067) Importer(815301076,1909f56bfc062723c751e8b465ee728b)
Start importing Assets/World Trees/Northern Woodland/Birch/WeatheredLarge/T_Birch_WeatheredLarge_Bark_MetallicSmoothness.png using Guid(d751220f376748beeae18b5e6e994067) Importer(815301076,1909f56bfc062723c751e8b465ee728b) [PhysX] Initialized MultithreadedTaskDispatcher with 16 workers.
[PhysX] Initialized MultithreadedTaskDispatcher with 16 workers.
 -> (artifact id: 'afef507021366edd6fdb8f1f7156bfaf') in 0.009342 seconds
Number of updated asset objects reloaded before import = 0
Number of asset objects unloaded after import = 2
========================================================================
Received Import Request.
  Time since last request: 0.000021 seconds.
  path: Assets/World Trees/Northern Woodland/Elm/WeatheredLarge/T_Elm_WeatheredLarge_Leaf_MetallicSmoothness.png
  artifactKey: Guid(900404ee89807b48b36225e487793806) Importer(815301076,1909f56bfc062723c751e8b465ee728b)
Start importing Assets/World Trees/Northern Woodland/Elm/WeatheredLarge/T_Elm_WeatheredLarge_Leaf_MetallicSmoothness.png using Guid(900404ee89807b48b36225e487793806) Importer(815301076,1909f56bfc062723c751e8b465ee728b) [PhysX] Initialized MultithreadedTaskDispatcher with 16 workers.
[PhysX] Initialized MultithreadedTaskDispatcher with 16 workers.
 -> (artifact id: 'a99d80c21cae59cb3061dde9e1643a0b') in 0.008909 seconds
Number of updated asset objects reloaded before import = 0
Number of asset objects unloaded after import = 2
========================================================================
Received Import Request.
  Time since last request: 0.000024 seconds.
  path: Assets/World Trees/Northern Woodland/Elm/HealthySmall/T_Elm_HealthySmall_Leaf_Normal.png
  artifactKey: Guid(50533d16e70a75abca229d4b64661a1e) Importer(815301076,1909f56bfc062723c751e8b465ee728b)
Start importing Assets/World Trees/Northern Woodland/Elm/HealthySmall/T_Elm_HealthySmall_Leaf_Normal.png using Guid(50533d16e70a75abca229d4b64661a1e) Importer(815301076,1909f56bfc062723c751e8b465ee728b) [PhysX] Initialized MultithreadedTaskDispatcher with 16 workers.
[PhysX] Initialized MultithreadedTaskDispatcher with 16 workers.
 -> (artifact id: '44e273133759b8ad837a05f5dc609d5e') in 0.023249 seconds
Number of updated asset objects reloaded before import = 0
Number of asset objects unloaded after import = 2
========================================================================
Received Import Request.
  Time since last request: 0.000023 seconds.
  path: Assets/World Trees/Northern Woodland/Hazel/HealthyLarge/T_Hazel_HealthyLarge_Leaf_Height.png
  artifactKey: Guid(322df01785553495be616756ccb07906) Importer(815301076,1909f56bfc062723c751e8b465ee728b)
Start importing Assets/World Trees/Northern Woodland/Hazel/HealthyLarge/T_Hazel_HealthyLarge_Leaf_Height.png using Guid(322df01785553495be616756ccb07906) Importer(815301076,1909f56bfc062723c751e8b465ee728b) [PhysX] Initialized MultithreadedTaskDispatcher with 16 workers.
[PhysX] Initialized MultithreadedTaskDispatcher with 16 workers.
 -> (artifact id: '8687a38a42539580e3fbd06bbc9d56cf') in 0.022002 seconds
Number of updated asset objects reloaded before import = 0
Number of asset objects unloaded after import = 2
========================================================================
Received Import Request.
  Time since last request: 0.000027 seconds.
  path: Assets/World Trees/Northern Woodland/Birch/SunbleachedSmall/T_Birch_SunbleachedSmall_Bark_MetallicSmoothness.png
  artifactKey: Guid(2dae2e1eaf0559a9de8d1f615616ee2c) Importer(815301076,1909f56bfc062723c751e8b465ee728b)
Start importing Assets/World Trees/Northern Woodland/Birch/SunbleachedSmall/T_Birch_SunbleachedSmall_Bark_MetallicSmoothness.png using Guid(2dae2e1eaf0559a9de8d1f615616ee2c) Importer(815301076,1909f56bfc062723c751e8b465ee728b) [PhysX] Initialized MultithreadedTaskDispatcher with 16 workers.
[PhysX] Initialized MultithreadedTaskDispatcher with 16 workers.
 -> (artifact id: '4b8cf0110a5d586f7d119ed8fcc6823e') in 0.008581 seconds
Number of updated asset objects reloaded before import = 0
Number of asset objects unloaded after import = 2
========================================================================
Received Import Request.
  Time since last request: 0.000027 seconds.
  path: Assets/World Trees/Northern Woodland/Hazel/HealthySmall/T_Hazel_HealthySmall_Bark_MetallicSmoothness.png
  artifactKey: Guid(085df09e253a907aa4c01ee814d23f56) Importer(815301076,1909f56bfc062723c751e8b465ee728b)
Start importing Assets/World Trees/Northern Woodland/Hazel/HealthySmall/T_Hazel_HealthySmall_Bark_MetallicSmoothness.png using Guid(085df09e253a907aa4c01ee814d23f56) Importer(815301076,1909f56bfc062723c751e8b465ee728b) [PhysX] Initialized MultithreadedTaskDispatcher with 16 workers.
[PhysX] Initialized MultithreadedTaskDispatcher with 16 workers.
 -> (artifact id: '7d7a5701a5bbe3fee5a9a0bd5ceca2e7') in 0.014382 seconds
Number of updated asset objects reloaded before import = 0
Number of asset objects unloaded after import = 2
========================================================================
Received Import Request.
  Time since last request: 0.000033 seconds.
  path: Assets/World Trees/Northern Woodland/Birch/WeatheredLarge/T_Birch_WeatheredLarge_Leaf_MetallicSmoothness.png
  artifactKey: Guid(f421e5725a58b43e23a1b51faee42c81) Importer(815301076,1909f56bfc062723c751e8b465ee728b)
Start importing Assets/World Trees/Northern Woodland/Birch/WeatheredLarge/T_Birch_WeatheredLarge_Leaf_MetallicSmoothness.png using Guid(f421e5725a58b43e23a1b51faee42c81) Importer(815301076,1909f56bfc062723c751e8b465ee728b) [PhysX] Initialized MultithreadedTaskDispatcher with 16 workers.
[PhysX] Initialized MultithreadedTaskDispatcher with 16 workers.
 -> (artifact id: '5ae7a845bed8d9d2e1d531e714632f6b') in 0.011239 seconds
Number of updated asset objects reloaded before import = 0
Number of asset objects unloaded after import = 2
========================================================================
Received Import Request.
  Time since last request: 0.000024 seconds.
  path: Assets/World Trees/Northern Woodland/Elm/LushSmall/T_Elm_LushSmall_Bark_BaseColor.png
  artifactKey: Guid(ea75d4b77aa9cdada4b58091049e7b68) Importer(815301076,1909f56bfc062723c751e8b465ee728b)
Start importing Assets/World Trees/Northern Woodland/Elm/LushSmall/T_Elm_LushSmall_Bark_BaseColor.png using Guid(ea75d4b77aa9cdada4b58091049e7b68) Importer(815301076,1909f56bfc062723c751e8b465ee728b) [PhysX] Initialized MultithreadedTaskDispatcher with 16 workers.
[PhysX] Initialized MultithreadedTaskDispatcher with 16 workers.
 -> (artifact id: '896cb0838b19dcd172b0c280542e0d43') in 0.032802 seconds
Number of updated asset objects reloaded before import = 0
Number of asset objects unloaded after import = 2
========================================================================
Received Import Request.
  Time since last request: 0.000024 seconds.
  path: Assets/Fantasy Skybox FREE/Scenes/Textures (Terrain)/Texture_Grass_Normal.png
  artifactKey: Guid(69e10fcec9984ba4f839a5693383c57e) Importer(815301076,1909f56bfc062723c751e8b465ee728b)
Start importing Assets/Fantasy Skybox FREE/Scenes/Textures (Terrain)/Texture_Grass_Normal.png using Guid(69e10fcec9984ba4f839a5693383c57e) Importer(815301076,1909f56bfc062723c751e8b465ee728b) [PhysX] Initialized MultithreadedTaskDispatcher with 16 workers.
[PhysX] Initialized MultithreadedTaskDispatcher with 16 workers.
 -> (artifact id: '03484cb378ca62d006d7f57edd2ac0fb') in 0.029266 seconds
Number of updated asset objects reloaded before import = 0
Number of asset objects unloaded after import = 2
========================================================================
Received Import Request.
  Time since last request: 0.000031 seconds.
  path: Assets/Fantasy Skybox FREE/Scenes/Textures (Terrain)/Texture_Rock_Diffuse.png
  artifactKey: Guid(5749f76eaefd4464d864cb20ae8451aa) Importer(815301076,1909f56bfc062723c751e8b465ee728b)
Start importing Assets/Fantasy Skybox FREE/Scenes/Textures (Terrain)/Texture_Rock_Diffuse.png using Guid(5749f76eaefd4464d864cb20ae8451aa) Importer(815301076,1909f56bfc062723c751e8b465ee728b) [PhysX] Initialized MultithreadedTaskDispatcher with 16 workers.
[PhysX] Initialized MultithreadedTaskDispatcher with 16 workers.
 -> (artifact id: 'd376859b5a6117de4f0306a43c74b6a7') in 0.023844 seconds
Number of updated asset objects reloaded before import = 0
Number of asset objects unloaded after import = 2
========================================================================
Received Import Request.
  Time since last request: 0.000077 seconds.
  path: Assets/World Trees/Northern Woodland/Birch/HealthySmall/T_Birch_HealthySmall_Bark_Normal.png
  artifactKey: Guid(fdeaaf874a9b938d3a40ab92822558f6) Importer(815301076,1909f56bfc062723c751e8b465ee728b)
Start importing Assets/World Trees/Northern Woodland/Birch/HealthySmall/T_Birch_HealthySmall_Bark_Normal.png using Guid(fdeaaf874a9b938d3a40ab92822558f6) Importer(815301076,1909f56bfc062723c751e8b465ee728b) [PhysX] Initialized MultithreadedTaskDispatcher with 16 workers.
[PhysX] Initialized MultithreadedTaskDispatcher with 16 workers.
 -> (artifact id: '97d6492302721e7637f5b1d8719548d5') in 0.020820 seconds
Number of updated asset objects reloaded before import = 0
Number of asset objects unloaded after import = 2
========================================================================
Received Import Request.
  Time since last request: 0.000023 seconds.
  path: Assets/World Trees/Northern Woodland/Hazel/WeatheredSmall/T_Hazel_WeatheredSmall_Bark_MetallicSmoothness.png
  artifactKey: Guid(6687ccb9e5c60a4e0770da3e62349c92) Importer(815301076,1909f56bfc062723c751e8b465ee728b)
Start importing Assets/World Trees/Northern Woodland/Hazel/WeatheredSmall/T_Hazel_WeatheredSmall_Bark_MetallicSmoothness.png using Guid(6687ccb9e5c60a4e0770da3e62349c92) Importer(815301076,1909f56bfc062723c751e8b465ee728b) [PhysX] Initialized MultithreadedTaskDispatcher with 16 workers.
[PhysX] Initialized MultithreadedTaskDispatcher with 16 workers.
 -> (artifact id: 'e2b01e6795c962dc1cd685f5f00067dd') in 0.008826 seconds
Number of updated asset objects reloaded before import = 0
Number of asset objects unloaded after import = 2
========================================================================
Received Import Request.
  Time since last request: 0.000073 seconds.
  path: Assets/World Trees/Northern Woodland/Hazel/HealthyLarge/T_Hazel_HealthyLarge_Leaf_BaseColor.png
  artifactKey: Guid(2a80332a703eac70db27ce576953d715) Importer(815301076,1909f56bfc062723c751e8b465ee728b)
Start importing Assets/World Trees/Northern Woodland/Hazel/HealthyLarge/T_Hazel_HealthyLarge_Leaf_BaseColor.png using Guid(2a80332a703eac70db27ce576953d715) Importer(815301076,1909f56bfc062723c751e8b465ee728b) [PhysX] Initialized MultithreadedTaskDispatcher with 16 workers.
[PhysX] Initialized MultithreadedTaskDispatcher with 16 workers.
 -> (artifact id: '63a0a573429f18d1bb884821a7c6bcd0') in 0.027522 seconds
Number of updated asset objects reloaded before import = 0
Number of asset objects unloaded after import = 2
========================================================================
Received Import Request.
  Time since last request: 0.000024 seconds.
  path: Assets/World Trees/Northern Woodland/Elm/WeatheredLarge/T_Elm_WeatheredLarge_Leaf_Height.png
  artifactKey: Guid(2642a13d8706f1c41659e7fab289c80c) Importer(815301076,1909f56bfc062723c751e8b465ee728b)
Start importing Assets/World Trees/Northern Woodland/Elm/WeatheredLarge/T_Elm_WeatheredLarge_Leaf_Height.png using Guid(2642a13d8706f1c41659e7fab289c80c) Importer(815301076,1909f56bfc062723c751e8b465ee728b) [PhysX] Initialized MultithreadedTaskDispatcher with 16 workers.
[PhysX] Initialized MultithreadedTaskDispatcher with 16 workers.
 -> (artifact id: 'bfb0a8d106df7c618b183f57689018c6') in 0.020937 seconds
Number of updated asset objects reloaded before import = 0
Number of asset objects unloaded after import = 2
========================================================================
Received Prepare
Caller must complete domain reload
Begin MonoManager ReloadAssembly
- Loaded All Assemblies, in  0.405 seconds
Native extension for WindowsStandalone target not found
Native extension for WebGL target not found
Mono: successfully reloaded assembly
- Finished resetting the current domain, in  1.121 seconds
Domain Reload Profiling: 1523ms
	BeginReloadAssembly (135ms)
		ExecutionOrderSort (0ms)
		DisableScriptedObjects (7ms)
		BackupInstance (0ms)
		ReleaseScriptingObjects (0ms)
		CreateAndSetChildDomain (26ms)
	RebuildCommonClasses (31ms)
	RebuildNativeTypeToScriptingClass (8ms)
	initialDomainReloadingComplete (26ms)
	LoadAllAssembliesAndSetupDomain (202ms)
		LoadAssemblies (260ms)
		RebuildTransferFunctionScriptingTraits (0ms)
		AnalyzeDomain (16ms)
			TypeCache.Refresh (6ms)
				TypeCache.ScanAssembly (0ms)
			ScanForSourceGeneratedMonoScriptInfo (0ms)
			ResolveRequiredComponents (8ms)
	FinalizeReload (1122ms)
		ReleaseScriptCaches (0ms)
		RebuildScriptCaches (0ms)
		SetupLoadedEditorAssemblies (441ms)
			LogAssemblyErrors (0ms)
			InitializePlatformSupportModulesInManaged (8ms)
			SetLoadedEditorAssemblies (4ms)
			RefreshPlugins (0ms)
			BeforeProcessingInitializeOnLoad (71ms)
			ProcessInitializeOnLoadAttributes (261ms)
			ProcessInitializeOnLoadMethodAttributes (85ms)
			AfterProcessingInitializeOnLoad (11ms)
			EditorAssembliesLoaded (0ms)
		ExecutionOrderSort2 (0ms)
		AwakeInstancesAfterBackupRestoration (32ms)
Refreshing native plugins compatible for Editor in 8.93 ms, found 4 plugins.
Preloading 0 native plugins for Editor in 0.00 ms.
Unloading 5137 Unused Serialized files (Serialized files now loaded: 0)
Unloading 22 unused Assets / (317.5 KB). Loaded Objects now: 5855.
Memory consumption went from 186.6 MB to 186.3 MB.
Total: 4.379100 ms (FindLiveObjects: 0.415400 ms CreateObjectMapping: 0.182700 ms MarkObjects: 3.674800 ms  DeleteObjects: 0.105100 ms)

Prepare: number of updated asset objects reloaded= 0
AssetImportParameters requested are different than current active one (requested -> active):
  custom:container-demuxer-ogg: 62fdf1f143b41e24485cea50d1cbac27 -> 
  custom:video-codec-MediaFoundation-h265: 746d11721c4dcdbdad8f713fa42b33f4 -> 
  custom:video-decoder-ogg-theora: a1e56fd34408186e4bbccfd4996cb3dc -> 
  custom:framework-win-MediaFoundation: 216162199b28c13a410421893ffa2e32 -> 
  custom:scripting/monoscript/fileName/FPCamera.cs: 1c037d24e0acc343b026b4e45c940244 -> c8ee585e775ce839539edb9638cfd224
  custom:CustomObjectIndexerAttribute: 72b91833f83ae208fae7752999fa3104 -> 
  custom:container-demuxer-webm: 4f35f7cbe854078d1ac9338744f61a02 -> 
  custom:scripting/monoscript/fileName/PrepareBushOrGrassMesh.cs: aceb41db5deab9889da8bbf43f79acbf -> 
  custom:container-muxer-webm: aa71ff27fc2769a1b78a27578f13a17b -> 
  custom:video-decoder-webm-vp8: 9c59270c3fd7afecdb556c50c9e8de78 -> 
  custom:SearchIndexIgnoredProperties: e643bd26f0fe6173181afceb89e7c659 -> 
  custom:AudioImporter_EditorPlatform: d09bf68614088b80899f8185d706f6e7 -> 
  custom:video-encoder-webm-vp8: eb34c28f22e8b96e1ab97ce403110664 -> 
  custom:audio-decoder-ogg-vorbis: bf7c407c2cedff20999df2af8eb42d56 -> 
  custom:audio-encoder-webm-vorbis: bf7c407c2cedff20999df2af8eb42d56 -> 
========================================================================
Received Prepare
Caller must complete domain reload
Begin MonoManager ReloadAssembly
- Loaded All Assemblies, in  0.408 seconds
Native extension for WindowsStandalone target not found
Native extension for WebGL target not found
Mono: successfully reloaded assembly
- Finished resetting the current domain, in  1.296 seconds
Domain Reload Profiling: 1701ms
	BeginReloadAssembly (128ms)
		ExecutionOrderSort (0ms)
		DisableScriptedObjects (3ms)
		BackupInstance (0ms)
		ReleaseScriptingObjects (0ms)
		CreateAndSetChildDomain (27ms)
	RebuildCommonClasses (25ms)
	RebuildNativeTypeToScriptingClass (9ms)
	initialDomainReloadingComplete (33ms)
	LoadAllAssembliesAndSetupDomain (209ms)
		LoadAssemblies (263ms)
		RebuildTransferFunctionScriptingTraits (0ms)
		AnalyzeDomain (16ms)
			TypeCache.Refresh (5ms)
				TypeCache.ScanAssembly (0ms)
			ScanForSourceGeneratedMonoScriptInfo (0ms)
			ResolveRequiredComponents (8ms)
	FinalizeReload (1297ms)
		ReleaseScriptCaches (0ms)
		RebuildScriptCaches (0ms)
		SetupLoadedEditorAssemblies (564ms)
			LogAssemblyErrors (0ms)
			InitializePlatformSupportModulesInManaged (7ms)
			SetLoadedEditorAssemblies (3ms)
			RefreshPlugins (0ms)
			BeforeProcessingInitializeOnLoad (59ms)
			ProcessInitializeOnLoadAttributes (380ms)
			ProcessInitializeOnLoadMethodAttributes (100ms)
			AfterProcessingInitializeOnLoad (15ms)
			EditorAssembliesLoaded (0ms)
		ExecutionOrderSort2 (0ms)
		AwakeInstancesAfterBackupRestoration (34ms)
Refreshing native plugins compatible for Editor in 11.55 ms, found 4 plugins.
Preloading 0 native plugins for Editor in 0.00 ms.
Unloading 5137 Unused Serialized files (Serialized files now loaded: 0)
Unloading 22 unused Assets / (317.6 KB). Loaded Objects now: 5860.
Memory consumption went from 186.5 MB to 186.2 MB.
Total: 6.058500 ms (FindLiveObjects: 0.723000 ms CreateObjectMapping: 0.459000 ms MarkObjects: 4.753300 ms  DeleteObjects: 0.120700 ms)

Prepare: number of updated asset objects reloaded= 0
AssetImportParameters requested are different than current active one (requested -> active):
  custom:container-demuxer-ogg: 62fdf1f143b41e24485cea50d1cbac27 -> 
  custom:video-codec-MediaFoundation-h265: 746d11721c4dcdbdad8f713fa42b33f4 -> 
  custom:video-decoder-ogg-theora: a1e56fd34408186e4bbccfd4996cb3dc -> 
  custom:framework-win-MediaFoundation: 216162199b28c13a410421893ffa2e32 -> 
  custom:scripting/monoscript/fileName/FPCamera.cs: 1c037d24e0acc343b026b4e45c940244 -> c8ee585e775ce839539edb9638cfd224
  custom:CustomObjectIndexerAttribute: 72b91833f83ae208fae7752999fa3104 -> 
  custom:container-demuxer-webm: 4f35f7cbe854078d1ac9338744f61a02 -> 
  custom:scripting/monoscript/fileName/PrepareBushOrGrassMesh.cs: aceb41db5deab9889da8bbf43f79acbf -> 
  custom:container-muxer-webm: aa71ff27fc2769a1b78a27578f13a17b -> 
  custom:video-decoder-webm-vp8: 9c59270c3fd7afecdb556c50c9e8de78 -> 
  custom:SearchIndexIgnoredProperties: e643bd26f0fe6173181afceb89e7c659 -> 
  custom:AudioImporter_EditorPlatform: d09bf68614088b80899f8185d706f6e7 -> 
  custom:video-encoder-webm-vp8: eb34c28f22e8b96e1ab97ce403110664 -> 
  custom:audio-decoder-ogg-vorbis: bf7c407c2cedff20999df2af8eb42d56 -> 
  custom:audio-encoder-webm-vorbis: bf7c407c2cedff20999df2af8eb42d56 -> 
========================================================================
Received Prepare
Caller must complete domain reload
Begin MonoManager ReloadAssembly
- Loaded All Assemblies, in  0.394 seconds
Native extension for WindowsStandalone target not found
Native extension for WebGL target not found
Mono: successfully reloaded assembly
- Finished resetting the current domain, in  1.131 seconds
Domain Reload Profiling: 1523ms
	BeginReloadAssembly (117ms)
		ExecutionOrderSort (0ms)
		DisableScriptedObjects (3ms)
		BackupInstance (0ms)
		ReleaseScriptingObjects (0ms)
		CreateAndSetChildDomain (24ms)
	RebuildCommonClasses (31ms)
	RebuildNativeTypeToScriptingClass (10ms)
	initialDomainReloadingComplete (31ms)
	LoadAllAssembliesAndSetupDomain (203ms)
		LoadAssemblies (230ms)
		RebuildTransferFunctionScriptingTraits (0ms)
		AnalyzeDomain (36ms)
			TypeCache.Refresh (9ms)
				TypeCache.ScanAssembly (0ms)
			ScanForSourceGeneratedMonoScriptInfo (15ms)
			ResolveRequiredComponents (10ms)
	FinalizeReload (1131ms)
		ReleaseScriptCaches (0ms)
		RebuildScriptCaches (0ms)
		SetupLoadedEditorAssemblies (403ms)
			LogAssemblyErrors (0ms)
			InitializePlatformSupportModulesInManaged (8ms)
			SetLoadedEditorAssemblies (3ms)
			RefreshPlugins (0ms)
			BeforeProcessingInitializeOnLoad (74ms)
			ProcessInitializeOnLoadAttributes (252ms)
			ProcessInitializeOnLoadMethodAttributes (58ms)
			AfterProcessingInitializeOnLoad (7ms)
			EditorAssembliesLoaded (0ms)
		ExecutionOrderSort2 (0ms)
		AwakeInstancesAfterBackupRestoration (18ms)
Refreshing native plugins compatible for Editor in 5.92 ms, found 4 plugins.
Preloading 0 native plugins for Editor in 0.00 ms.
Unloading 5141 Unused Serialized files (Serialized files now loaded: 0)
Unloading 23 unused Assets / (351.6 KB). Loaded Objects now: 5868.
Memory consumption went from 187.0 MB to 186.7 MB.
Total: 2.836900 ms (FindLiveObjects: 0.299100 ms CreateObjectMapping: 0.140900 ms MarkObjects: 2.226600 ms  DeleteObjects: 0.169100 ms)

Prepare: number of updated asset objects reloaded= 0
AssetImportParameters requested are different than current active one (requested -> active):
  custom:container-demuxer-ogg: 62fdf1f143b41e24485cea50d1cbac27 -> 
  custom:video-codec-MediaFoundation-h265: 746d11721c4dcdbdad8f713fa42b33f4 -> 
  custom:video-decoder-ogg-theora: a1e56fd34408186e4bbccfd4996cb3dc -> 
  custom:framework-win-MediaFoundation: 216162199b28c13a410421893ffa2e32 -> 
  custom:scripting/monoscript/fileName/FPCamera.cs: 1c037d24e0acc343b026b4e45c940244 -> c8ee585e775ce839539edb9638cfd224
  custom:scripting/monoscript/fileName/AmbientParticlesPSX.cs: 2815ab467087a59f25f476e028ac6c33 -> 
  custom:CustomObjectIndexerAttribute: 72b91833f83ae208fae7752999fa3104 -> 
  custom:container-demuxer-webm: 4f35f7cbe854078d1ac9338744f61a02 -> 
  custom:scripting/monoscript/fileName/PrepareBushOrGrassMesh.cs: aceb41db5deab9889da8bbf43f79acbf -> 
  custom:container-muxer-webm: aa71ff27fc2769a1b78a27578f13a17b -> 
  custom:video-decoder-webm-vp8: 9c59270c3fd7afecdb556c50c9e8de78 -> 
  custom:SearchIndexIgnoredProperties: e643bd26f0fe6173181afceb89e7c659 -> 
  custom:AudioImporter_EditorPlatform: d09bf68614088b80899f8185d706f6e7 -> 
  custom:scripting/monoscript/fileName/Linterna.cs: e9743de4c636e93c51897b9ca70463cf -> 
  custom:video-encoder-webm-vp8: eb34c28f22e8b96e1ab97ce403110664 -> 
  custom:audio-decoder-ogg-vorbis: bf7c407c2cedff20999df2af8eb42d56 -> 
  custom:audio-encoder-webm-vorbis: bf7c407c2cedff20999df2af8eb42d56 -> 
  custom:scripting/monoscript/fileName/SilentHillFogPulse.cs: 3aeaad3ea3f0a54efe9a2ddfa5a535ef -> 
  custom:scripting/precompiled-assembly-types:Assembly-CSharp: 0a455fae3bbe8025f5682ca71f662642 -> 34565f389d82e3b3b8f006108841e8a5
========================================================================
Received Import Request.
  Time since last request: 344.404475 seconds.
  path: Assets/PSX_AmbientParticles (1).prefab
  artifactKey: Guid(0364da21da25bcf4cb60b4171a30f400) Importer(815301076,1909f56bfc062723c751e8b465ee728b)
Start importing Assets/PSX_AmbientParticles (1).prefab using Guid(0364da21da25bcf4cb60b4171a30f400) Importer(815301076,1909f56bfc062723c751e8b465ee728b) [PhysX] Initialized MultithreadedTaskDispatcher with 16 workers.
[PhysX] Initialized MultithreadedTaskDispatcher with 16 workers.
 -> (artifact id: '128f8006b076041a61fad76a3c8b3d1b') in 0.230610 seconds
Number of updated asset objects reloaded before import = 0
Number of asset objects unloaded after import = 40
========================================================================
Received Import Request.
  Time since last request: 2.539901 seconds.
  path: Assets/Audio
  artifactKey: Guid(25a7e165892a8e7458d00742725a2b0c) Importer(815301076,1909f56bfc062723c751e8b465ee728b)
Start importing Assets/Audio using Guid(25a7e165892a8e7458d00742725a2b0c) Importer(815301076,1909f56bfc062723c751e8b465ee728b) [PhysX] Initialized MultithreadedTaskDispatcher with 16 workers.
 -> (artifact id: '9a8f14eea8539f2cc59710865347ddda') in 0.000621 seconds
Number of updated asset objects reloaded before import = 0
Number of asset objects unloaded after import = 0
========================================================================
Received Import Request.
  Time since last request: 0.067177 seconds.
  path: Assets/Audio/Night Ambience _ Free Sound Effects _ Ambient Sounds.ogg
  artifactKey: Guid(fbafb1f70f4a45a409cd0ed6e328f672) Importer(815301076,1909f56bfc062723c751e8b465ee728b)
Start importing Assets/Audio/Night Ambience _ Free Sound Effects _ Ambient Sounds.ogg using Guid(fbafb1f70f4a45a409cd0ed6e328f672) Importer(815301076,1909f56bfc062723c751e8b465ee728b) [PhysX] Initialized MultithreadedTaskDispatcher with 16 workers.
[PhysX] Initialized MultithreadedTaskDispatcher with 16 workers.
 -> (artifact id: 'bd670b58c27717e187681c8daa1ec25e') in 0.044105 seconds
Number of updated asset objects reloaded before import = 0
Number of asset objects unloaded after import = 2
========================================================================
Received Import Request.
  Time since last request: 21.238880 seconds.
  path: Assets/Scripts/AmbientParticlesPSX.cs
  artifactKey: Guid(68444629230282d4c92cf956d53be76c) Importer(815301076,1909f56bfc062723c751e8b465ee728b)
Start importing Assets/Scripts/AmbientParticlesPSX.cs using Guid(68444629230282d4c92cf956d53be76c) Importer(815301076,1909f56bfc062723c751e8b465ee728b) [PhysX] Initialized MultithreadedTaskDispatcher with 16 workers.
 -> (artifact id: '91f5cd34927f1508a6fb67f4d149abc7') in 0.000497 seconds
Number of updated asset objects reloaded before import = 0
Number of asset objects unloaded after import = 0
========================================================================
Received Prepare
Caller must complete domain reload
Begin MonoManager ReloadAssembly
- Loaded All Assemblies, in  0.380 seconds
Native extension for WindowsStandalone target not found
Native extension for WebGL target not found
Mono: successfully reloaded assembly
- Finished resetting the current domain, in  0.956 seconds
Domain Reload Profiling: 1333ms
	BeginReloadAssembly (120ms)
		ExecutionOrderSort (0ms)
		DisableScriptedObjects (7ms)
		BackupInstance (0ms)
		ReleaseScriptingObjects (0ms)
		CreateAndSetChildDomain (24ms)
	RebuildCommonClasses (23ms)
	RebuildNativeTypeToScriptingClass (7ms)
	initialDomainReloadingComplete (24ms)
	LoadAllAssembliesAndSetupDomain (203ms)
		LoadAssemblies (236ms)
		RebuildTransferFunctionScriptingTraits (0ms)
		AnalyzeDomain (31ms)
			TypeCache.Refresh (7ms)
				TypeCache.ScanAssembly (0ms)
			ScanForSourceGeneratedMonoScriptInfo (16ms)
			ResolveRequiredComponents (7ms)
	FinalizeReload (956ms)
		ReleaseScriptCaches (0ms)
		RebuildScriptCaches (0ms)
		SetupLoadedEditorAssemblies (369ms)
			LogAssemblyErrors (0ms)
			InitializePlatformSupportModulesInManaged (7ms)
			SetLoadedEditorAssemblies (2ms)
			RefreshPlugins (0ms)
			BeforeProcessingInitializeOnLoad (57ms)
			ProcessInitializeOnLoadAttributes (246ms)
			ProcessInitializeOnLoadMethodAttributes (50ms)
			AfterProcessingInitializeOnLoad (6ms)
			EditorAssembliesLoaded (0ms)
		ExecutionOrderSort2 (0ms)
		AwakeInstancesAfterBackupRestoration (17ms)
Refreshing native plugins compatible for Editor in 4.75 ms, found 4 plugins.
Preloading 0 native plugins for Editor in 0.00 ms.
Unloading 5142 Unused Serialized files (Serialized files now loaded: 0)
Unloading 23 unused Assets / (351.6 KB). Loaded Objects now: 5912.
Memory consumption went from 187.2 MB to 186.8 MB.
Total: 2.505500 ms (FindLiveObjects: 0.277400 ms CreateObjectMapping: 0.135600 ms MarkObjects: 1.945800 ms  DeleteObjects: 0.145900 ms)

Prepare: number of updated asset objects reloaded= 0
AssetImportParameters requested are different than current active one (requested -> active):
  custom:container-demuxer-ogg: 62fdf1f143b41e24485cea50d1cbac27 -> 
  custom:video-codec-MediaFoundation-h265: 746d11721c4dcdbdad8f713fa42b33f4 -> 
  custom:video-decoder-ogg-theora: a1e56fd34408186e4bbccfd4996cb3dc -> 
  custom:framework-win-MediaFoundation: 216162199b28c13a410421893ffa2e32 -> 
  custom:scripting/monoscript/fileName/FPCamera.cs: 1c037d24e0acc343b026b4e45c940244 -> c8ee585e775ce839539edb9638cfd224
  custom:scripting/monoscript/fileName/AmbientParticlesPSX.cs: 2815ab467087a59f25f476e028ac6c33 -> 
  custom:CustomObjectIndexerAttribute: 72b91833f83ae208fae7752999fa3104 -> 
  custom:container-demuxer-webm: 4f35f7cbe854078d1ac9338744f61a02 -> 
  custom:scripting/monoscript/fileName/FollowPlayerParticles.cs: 3c7f79002bb6b417e415a01af8998479 -> 
  custom:scripting/monoscript/fileName/PrepareBushOrGrassMesh.cs: aceb41db5deab9889da8bbf43f79acbf -> 
  custom:container-muxer-webm: aa71ff27fc2769a1b78a27578f13a17b -> 
  custom:video-decoder-webm-vp8: 9c59270c3fd7afecdb556c50c9e8de78 -> 
  custom:SearchIndexIgnoredProperties: e643bd26f0fe6173181afceb89e7c659 -> 
  custom:AudioImporter_EditorPlatform: d09bf68614088b80899f8185d706f6e7 -> 
  custom:scripting/monoscript/fileName/Linterna.cs: e9743de4c636e93c51897b9ca70463cf -> 
  custom:video-encoder-webm-vp8: eb34c28f22e8b96e1ab97ce403110664 -> 
  custom:audio-decoder-ogg-vorbis: bf7c407c2cedff20999df2af8eb42d56 -> 
  custom:audio-encoder-webm-vorbis: bf7c407c2cedff20999df2af8eb42d56 -> 
  custom:scripting/monoscript/fileName/SilentHillFogPulse.cs: 3aeaad3ea3f0a54efe9a2ddfa5a535ef -> 
  custom:scripting/precompiled-assembly-types:Assembly-CSharp: 9f3b9da185f6e8a35305ffb8d1230cbc -> 34565f389d82e3b3b8f006108841e8a5
========================================================================
Received Import Request.
  Time since last request: 78.301896 seconds.
  path: Assets/Shaders/Mat_Fog.mat
  artifactKey: Guid(40b0709d42b39a746b3e29ba599e2100) Importer(815301076,1909f56bfc062723c751e8b465ee728b)
Start importing Assets/Shaders/Mat_Fog.mat using Guid(40b0709d42b39a746b3e29ba599e2100) Importer(815301076,1909f56bfc062723c751e8b465ee728b) [PhysX] Initialized MultithreadedTaskDispatcher with 16 workers.
[PhysX] Initialized MultithreadedTaskDispatcher with 16 workers.
 -> (artifact id: '181b335da048cb3509a303197a586edf') in 0.221723 seconds
Number of updated asset objects reloaded before import = 0
Number of asset objects unloaded after import = 22
========================================================================
Received Prepare
Caller must complete domain reload
Begin MonoManager ReloadAssembly
- Loaded All Assemblies, in  0.358 seconds
Native extension for WindowsStandalone target not found
Native extension for WebGL target not found
Mono: successfully reloaded assembly
- Finished resetting the current domain, in  1.544 seconds
Domain Reload Profiling: 1900ms
	BeginReloadAssembly (116ms)
		ExecutionOrderSort (0ms)
		DisableScriptedObjects (6ms)
		BackupInstance (0ms)
		ReleaseScriptingObjects (0ms)
		CreateAndSetChildDomain (22ms)
	RebuildCommonClasses (24ms)
	RebuildNativeTypeToScriptingClass (7ms)
	initialDomainReloadingComplete (24ms)
	LoadAllAssembliesAndSetupDomain (184ms)
		LoadAssemblies (231ms)
		RebuildTransferFunctionScriptingTraits (0ms)
		AnalyzeDomain (14ms)
			TypeCache.Refresh (5ms)
				TypeCache.ScanAssembly (0ms)
			ScanForSourceGeneratedMonoScriptInfo (0ms)
			ResolveRequiredComponents (7ms)
	FinalizeReload (1545ms)
		ReleaseScriptCaches (0ms)
		RebuildScriptCaches (0ms)
		SetupLoadedEditorAssemblies (716ms)
			LogAssemblyErrors (0ms)
			InitializePlatformSupportModulesInManaged (12ms)
			SetLoadedEditorAssemblies (4ms)
			RefreshPlugins (0ms)
			BeforeProcessingInitializeOnLoad (120ms)
			ProcessInitializeOnLoadAttributes (454ms)
			ProcessInitializeOnLoadMethodAttributes (111ms)
			AfterProcessingInitializeOnLoad (15ms)
			EditorAssembliesLoaded (0ms)
		ExecutionOrderSort2 (0ms)
		AwakeInstancesAfterBackupRestoration (43ms)
Refreshing native plugins compatible for Editor in 10.73 ms, found 4 plugins.
Preloading 0 native plugins for Editor in 0.00 ms.
Unloading 5142 Unused Serialized files (Serialized files now loaded: 0)
Unloading 22 unused Assets / (317.1 KB). Loaded Objects now: 5954.
Memory consumption went from 187.3 MB to 187.0 MB.
Total: 5.380400 ms (FindLiveObjects: 0.435800 ms CreateObjectMapping: 0.195500 ms MarkObjects: 4.613800 ms  DeleteObjects: 0.133300 ms)

Prepare: number of updated asset objects reloaded= 0
AssetImportParameters requested are different than current active one (requested -> active):
  custom:container-demuxer-ogg: 62fdf1f143b41e24485cea50d1cbac27 -> 
  custom:video-codec-MediaFoundation-h265: 746d11721c4dcdbdad8f713fa42b33f4 -> 
  custom:video-decoder-ogg-theora: a1e56fd34408186e4bbccfd4996cb3dc -> 
  custom:framework-win-MediaFoundation: 216162199b28c13a410421893ffa2e32 -> 
  custom:scripting/monoscript/fileName/FPCamera.cs: 1c037d24e0acc343b026b4e45c940244 -> c8ee585e775ce839539edb9638cfd224
  custom:scripting/monoscript/fileName/AmbientParticlesPSX.cs: 2815ab467087a59f25f476e028ac6c33 -> 
  custom:CustomObjectIndexerAttribute: 72b91833f83ae208fae7752999fa3104 -> 
  custom:container-demuxer-webm: 4f35f7cbe854078d1ac9338744f61a02 -> 
  custom:scripting/monoscript/fileName/FollowPlayerParticles.cs: 3c7f79002bb6b417e415a01af8998479 -> 
  custom:scripting/monoscript/fileName/PrepareBushOrGrassMesh.cs: aceb41db5deab9889da8bbf43f79acbf -> 
  custom:container-muxer-webm: aa71ff27fc2769a1b78a27578f13a17b -> 
  custom:video-decoder-webm-vp8: 9c59270c3fd7afecdb556c50c9e8de78 -> 
  custom:SearchIndexIgnoredProperties: e643bd26f0fe6173181afceb89e7c659 -> 
  custom:AudioImporter_EditorPlatform: d09bf68614088b80899f8185d706f6e7 -> 
  custom:scripting/monoscript/fileName/Linterna.cs: e9743de4c636e93c51897b9ca70463cf -> 
  custom:video-encoder-webm-vp8: eb34c28f22e8b96e1ab97ce403110664 -> 
  custom:audio-decoder-ogg-vorbis: bf7c407c2cedff20999df2af8eb42d56 -> 
  custom:audio-encoder-webm-vorbis: bf7c407c2cedff20999df2af8eb42d56 -> 
  custom:scripting/monoscript/fileName/SilentHillFogPulse.cs: 3aeaad3ea3f0a54efe9a2ddfa5a535ef -> 
  custom:scripting/precompiled-assembly-types:Assembly-CSharp: 9f3b9da185f6e8a35305ffb8d1230cbc -> 34565f389d82e3b3b8f006108841e8a5
========================================================================
Received Prepare
Caller must complete domain reload
Begin MonoManager ReloadAssembly
- Loaded All Assemblies, in  0.367 seconds
Native extension for WindowsStandalone target not found
Native extension for WebGL target not found
Mono: successfully reloaded assembly
- Finished resetting the current domain, in  0.981 seconds
Domain Reload Profiling: 1345ms
	BeginReloadAssembly (120ms)
		ExecutionOrderSort (0ms)
		DisableScriptedObjects (3ms)
		BackupInstance (0ms)
		ReleaseScriptingObjects (0ms)
		CreateAndSetChildDomain (21ms)
	RebuildCommonClasses (24ms)
	RebuildNativeTypeToScriptingClass (8ms)
	initialDomainReloadingComplete (26ms)
	LoadAllAssembliesAndSetupDomain (186ms)
		LoadAssemblies (238ms)
		RebuildTransferFunctionScriptingTraits (0ms)
		AnalyzeDomain (18ms)
			TypeCache.Refresh (6ms)
				TypeCache.ScanAssembly (0ms)
			ScanForSourceGeneratedMonoScriptInfo (0ms)
			ResolveRequiredComponents (10ms)
	FinalizeReload (982ms)
		ReleaseScriptCaches (0ms)
		RebuildScriptCaches (0ms)
		SetupLoadedEditorAssemblies (347ms)
			LogAssemblyErrors (0ms)
			InitializePlatformSupportModulesInManaged (7ms)
			SetLoadedEditorAssemblies (2ms)
			RefreshPlugins (0ms)
			BeforeProcessingInitializeOnLoad (59ms)
			ProcessInitializeOnLoadAttributes (209ms)
			ProcessInitializeOnLoadMethodAttributes (62ms)
			AfterProcessingInitializeOnLoad (8ms)
			EditorAssembliesLoaded (0ms)
		ExecutionOrderSort2 (0ms)
		AwakeInstancesAfterBackupRestoration (21ms)
Refreshing native plugins compatible for Editor in 10.49 ms, found 4 plugins.
Preloading 0 native plugins for Editor in 0.00 ms.
Unloading 5141 Unused Serialized files (Serialized files now loaded: 0)
Unloading 22 unused Assets / (317.1 KB). Loaded Objects now: 5959.
Memory consumption went from 186.8 MB to 186.5 MB.
Total: 4.376000 ms (FindLiveObjects: 0.480600 ms CreateObjectMapping: 0.201800 ms MarkObjects: 3.584600 ms  DeleteObjects: 0.107400 ms)

Prepare: number of updated asset objects reloaded= 0
AssetImportParameters requested are different than current active one (requested -> active):
  custom:container-demuxer-ogg: 62fdf1f143b41e24485cea50d1cbac27 -> 
  custom:video-codec-MediaFoundation-h265: 746d11721c4dcdbdad8f713fa42b33f4 -> 
  custom:video-decoder-ogg-theora: a1e56fd34408186e4bbccfd4996cb3dc -> 
  custom:framework-win-MediaFoundation: 216162199b28c13a410421893ffa2e32 -> 
  custom:scripting/monoscript/fileName/FPCamera.cs: 1c037d24e0acc343b026b4e45c940244 -> c8ee585e775ce839539edb9638cfd224
  custom:scripting/monoscript/fileName/AmbientParticlesPSX.cs: 2815ab467087a59f25f476e028ac6c33 -> 
  custom:CustomObjectIndexerAttribute: 72b91833f83ae208fae7752999fa3104 -> 
  custom:container-demuxer-webm: 4f35f7cbe854078d1ac9338744f61a02 -> 
  custom:scripting/monoscript/fileName/FollowPlayerParticles.cs: 3c7f79002bb6b417e415a01af8998479 -> 
  custom:scripting/monoscript/fileName/PrepareBushOrGrassMesh.cs: aceb41db5deab9889da8bbf43f79acbf -> 
  custom:container-muxer-webm: aa71ff27fc2769a1b78a27578f13a17b -> 
  custom:video-decoder-webm-vp8: 9c59270c3fd7afecdb556c50c9e8de78 -> 
  custom:SearchIndexIgnoredProperties: e643bd26f0fe6173181afceb89e7c659 -> 
  custom:AudioImporter_EditorPlatform: d09bf68614088b80899f8185d706f6e7 -> 
  custom:scripting/monoscript/fileName/Linterna.cs: e9743de4c636e93c51897b9ca70463cf -> 
  custom:video-encoder-webm-vp8: eb34c28f22e8b96e1ab97ce403110664 -> 
  custom:audio-decoder-ogg-vorbis: bf7c407c2cedff20999df2af8eb42d56 -> 
  custom:audio-encoder-webm-vorbis: bf7c407c2cedff20999df2af8eb42d56 -> 
  custom:scripting/monoscript/fileName/SilentHillFogPulse.cs: 3aeaad3ea3f0a54efe9a2ddfa5a535ef -> 
  custom:scripting/precompiled-assembly-types:Assembly-CSharp: 9f3b9da185f6e8a35305ffb8d1230cbc -> 34565f389d82e3b3b8f006108841e8a5
========================================================================
Received Import Request.
  Time since last request: 272.132172 seconds.
  path: Assets/PSX_AmbientParticles (1).prefab
  artifactKey: Guid(0364da21da25bcf4cb60b4171a30f400) Importer(815301076,1909f56bfc062723c751e8b465ee728b)
Start importing Assets/PSX_AmbientParticles (1).prefab using Guid(0364da21da25bcf4cb60b4171a30f400) Importer(815301076,1909f56bfc062723c751e8b465ee728b) [PhysX] Initialized MultithreadedTaskDispatcher with 16 workers.
[PhysX] Initialized MultithreadedTaskDispatcher with 16 workers.
 -> (artifact id: '69cf06798001a5e0759b8369f4ecbb81') in 0.207805 seconds
Number of updated asset objects reloaded before import = 0
Number of asset objects unloaded after import = 39
========================================================================
Received Import Request.
  Time since last request: 14.441688 seconds.
  path: Assets/Player.prefab
  artifactKey: Guid(f566e5d0afc672245b0c3350fabfc33b) Importer(815301076,1909f56bfc062723c751e8b465ee728b)
Start importing Assets/Player.prefab using Guid(f566e5d0afc672245b0c3350fabfc33b) Importer(815301076,1909f56bfc062723c751e8b465ee728b) [PhysX] Initialized MultithreadedTaskDispatcher with 16 workers.
[PhysX] Initialized MultithreadedTaskDispatcher with 16 workers.
 -> (artifact id: 'c728b30b15cfd7413919f28c477d9ced') in 0.028830 seconds
Number of updated asset objects reloaded before import = 0
Number of asset objects unloaded after import = 53
========================================================================
Received Prepare
Caller must complete domain reload
Begin MonoManager ReloadAssembly
- Loaded All Assemblies, in  0.371 seconds
Native extension for WindowsStandalone target not found
Native extension for WebGL target not found
Mono: successfully reloaded assembly
- Finished resetting the current domain, in  0.949 seconds
Domain Reload Profiling: 1318ms
	BeginReloadAssembly (123ms)
		ExecutionOrderSort (0ms)
		DisableScriptedObjects (7ms)
		BackupInstance (0ms)
		ReleaseScriptingObjects (0ms)
		CreateAndSetChildDomain (26ms)
	RebuildCommonClasses (25ms)
	RebuildNativeTypeToScriptingClass (7ms)
	initialDomainReloadingComplete (26ms)
	LoadAllAssembliesAndSetupDomain (186ms)
		LoadAssemblies (237ms)
		RebuildTransferFunctionScriptingTraits (0ms)
		AnalyzeDomain (14ms)
			TypeCache.Refresh (5ms)
				TypeCache.ScanAssembly (0ms)
			ScanForSourceGeneratedMonoScriptInfo (0ms)
			ResolveRequiredComponents (7ms)
	FinalizeReload (950ms)
		ReleaseScriptCaches (0ms)
		RebuildScriptCaches (0ms)
		SetupLoadedEditorAssemblies (355ms)
			LogAssemblyErrors (0ms)
			InitializePlatformSupportModulesInManaged (6ms)
			SetLoadedEditorAssemblies (3ms)
			RefreshPlugins (0ms)
			BeforeProcessingInitializeOnLoad (58ms)
			ProcessInitializeOnLoadAttributes (215ms)
			ProcessInitializeOnLoadMethodAttributes (65ms)
			AfterProcessingInitializeOnLoad (8ms)
			EditorAssembliesLoaded (0ms)
		ExecutionOrderSort2 (0ms)
		AwakeInstancesAfterBackupRestoration (23ms)
Refreshing native plugins compatible for Editor in 7.43 ms, found 4 plugins.
Preloading 0 native plugins for Editor in 0.00 ms.
Unloading 5141 Unused Serialized files (Serialized files now loaded: 0)
Unloading 22 unused Assets / (317.1 KB). Loaded Objects now: 6001.
Memory consumption went from 187.0 MB to 186.7 MB.
Total: 3.927700 ms (FindLiveObjects: 0.340100 ms CreateObjectMapping: 0.154400 ms MarkObjects: 3.348600 ms  DeleteObjects: 0.083500 ms)

Prepare: number of updated asset objects reloaded= 0
AssetImportParameters requested are different than current active one (requested -> active):
  custom:container-demuxer-ogg: 62fdf1f143b41e24485cea50d1cbac27 -> 
  custom:video-codec-MediaFoundation-h265: 746d11721c4dcdbdad8f713fa42b33f4 -> 
  custom:video-decoder-ogg-theora: a1e56fd34408186e4bbccfd4996cb3dc -> 
  custom:framework-win-MediaFoundation: 216162199b28c13a410421893ffa2e32 -> 
  custom:scripting/monoscript/fileName/FPCamera.cs: 1c037d24e0acc343b026b4e45c940244 -> c8ee585e775ce839539edb9638cfd224
  custom:scripting/monoscript/fileName/AmbientParticlesPSX.cs: 2815ab467087a59f25f476e028ac6c33 -> 
  custom:CustomObjectIndexerAttribute: 72b91833f83ae208fae7752999fa3104 -> 
  custom:container-demuxer-webm: 4f35f7cbe854078d1ac9338744f61a02 -> 
  custom:scripting/monoscript/fileName/FollowPlayerParticles.cs: 3c7f79002bb6b417e415a01af8998479 -> 
  custom:scripting/monoscript/fileName/PrepareBushOrGrassMesh.cs: aceb41db5deab9889da8bbf43f79acbf -> 
  custom:container-muxer-webm: aa71ff27fc2769a1b78a27578f13a17b -> 
  custom:video-decoder-webm-vp8: 9c59270c3fd7afecdb556c50c9e8de78 -> 
  custom:SearchIndexIgnoredProperties: e643bd26f0fe6173181afceb89e7c659 -> 
  custom:AudioImporter_EditorPlatform: d09bf68614088b80899f8185d706f6e7 -> 
  custom:scripting/monoscript/fileName/Linterna.cs: e9743de4c636e93c51897b9ca70463cf -> 
  custom:video-encoder-webm-vp8: eb34c28f22e8b96e1ab97ce403110664 -> 
  custom:audio-decoder-ogg-vorbis: bf7c407c2cedff20999df2af8eb42d56 -> 
  custom:audio-encoder-webm-vorbis: bf7c407c2cedff20999df2af8eb42d56 -> 
  custom:scripting/monoscript/fileName/SilentHillFogPulse.cs: 3aeaad3ea3f0a54efe9a2ddfa5a535ef -> 
  custom:scripting/precompiled-assembly-types:Assembly-CSharp: 9f3b9da185f6e8a35305ffb8d1230cbc -> 34565f389d82e3b3b8f006108841e8a5
========================================================================
Received Prepare
Caller must complete domain reload
Begin MonoManager ReloadAssembly
- Loaded All Assemblies, in  0.350 seconds
Native extension for WindowsStandalone target not found
Native extension for WebGL target not found
Mono: successfully reloaded assembly
- Finished resetting the current domain, in  1.208 seconds
Domain Reload Profiling: 1556ms
	BeginReloadAssembly (115ms)
		ExecutionOrderSort (0ms)
		DisableScriptedObjects (3ms)
		BackupInstance (0ms)
		ReleaseScriptingObjects (0ms)
		CreateAndSetChildDomain (21ms)
	RebuildCommonClasses (27ms)
	RebuildNativeTypeToScriptingClass (7ms)
	initialDomainReloadingComplete (25ms)
	LoadAllAssembliesAndSetupDomain (173ms)
		LoadAssemblies (222ms)
		RebuildTransferFunctionScriptingTraits (0ms)
		AnalyzeDomain (14ms)
			TypeCache.Refresh (5ms)
				TypeCache.ScanAssembly (0ms)
			ScanForSourceGeneratedMonoScriptInfo (0ms)
			ResolveRequiredComponents (7ms)
	FinalizeReload (1209ms)
		ReleaseScriptCaches (0ms)
		RebuildScriptCaches (0ms)
		SetupLoadedEditorAssemblies (542ms)
			LogAssemblyErrors (0ms)
			InitializePlatformSupportModulesInManaged (7ms)
			SetLoadedEditorAssemblies (2ms)
			RefreshPlugins (0ms)
			BeforeProcessingInitializeOnLoad (63ms)
			ProcessInitializeOnLoadAttributes (358ms)
			ProcessInitializeOnLoadMethodAttributes (101ms)
			AfterProcessingInitializeOnLoad (11ms)
			EditorAssembliesLoaded (0ms)
		ExecutionOrderSort2 (0ms)
		AwakeInstancesAfterBackupRestoration (30ms)
Refreshing native plugins compatible for Editor in 7.74 ms, found 4 plugins.
Preloading 0 native plugins for Editor in 0.00 ms.
Unloading 5141 Unused Serialized files (Serialized files now loaded: 0)
Unloading 22 unused Assets / (317.6 KB). Loaded Objects now: 6006.
Memory consumption went from 186.9 MB to 186.6 MB.
Total: 3.572900 ms (FindLiveObjects: 0.423800 ms CreateObjectMapping: 0.145100 ms MarkObjects: 2.892000 ms  DeleteObjects: 0.110600 ms)

Prepare: number of updated asset objects reloaded= 0
AssetImportParameters requested are different than current active one (requested -> active):
  custom:container-demuxer-ogg: 62fdf1f143b41e24485cea50d1cbac27 -> 
  custom:video-codec-MediaFoundation-h265: 746d11721c4dcdbdad8f713fa42b33f4 -> 
  custom:video-decoder-ogg-theora: a1e56fd34408186e4bbccfd4996cb3dc -> 
  custom:framework-win-MediaFoundation: 216162199b28c13a410421893ffa2e32 -> 
  custom:scripting/monoscript/fileName/FPCamera.cs: 1c037d24e0acc343b026b4e45c940244 -> c8ee585e775ce839539edb9638cfd224
  custom:scripting/monoscript/fileName/AmbientParticlesPSX.cs: 2815ab467087a59f25f476e028ac6c33 -> 
  custom:CustomObjectIndexerAttribute: 72b91833f83ae208fae7752999fa3104 -> 
  custom:container-demuxer-webm: 4f35f7cbe854078d1ac9338744f61a02 -> 
  custom:scripting/monoscript/fileName/FollowPlayerParticles.cs: 3c7f79002bb6b417e415a01af8998479 -> 
  custom:scripting/monoscript/fileName/PrepareBushOrGrassMesh.cs: aceb41db5deab9889da8bbf43f79acbf -> 
  custom:container-muxer-webm: aa71ff27fc2769a1b78a27578f13a17b -> 
  custom:video-decoder-webm-vp8: 9c59270c3fd7afecdb556c50c9e8de78 -> 
  custom:SearchIndexIgnoredProperties: e643bd26f0fe6173181afceb89e7c659 -> 
  custom:AudioImporter_EditorPlatform: d09bf68614088b80899f8185d706f6e7 -> 
  custom:scripting/monoscript/fileName/Linterna.cs: e9743de4c636e93c51897b9ca70463cf -> 
  custom:video-encoder-webm-vp8: eb34c28f22e8b96e1ab97ce403110664 -> 
  custom:audio-decoder-ogg-vorbis: bf7c407c2cedff20999df2af8eb42d56 -> 
  custom:audio-encoder-webm-vorbis: bf7c407c2cedff20999df2af8eb42d56 -> 
  custom:scripting/monoscript/fileName/SilentHillFogPulse.cs: 3aeaad3ea3f0a54efe9a2ddfa5a535ef -> 
  custom:scripting/precompiled-assembly-types:Assembly-CSharp: 9f3b9da185f6e8a35305ffb8d1230cbc -> 34565f389d82e3b3b8f006108841e8a5
========================================================================
Received Import Request.
  Time since last request: 113.715537 seconds.
  path: Assets/Player 1.prefab
  artifactKey: Guid(ef1edbe5e0877b146a44592f9cdd64d3) Importer(815301076,1909f56bfc062723c751e8b465ee728b)
Start importing Assets/Player 1.prefab using Guid(ef1edbe5e0877b146a44592f9cdd64d3) Importer(815301076,1909f56bfc062723c751e8b465ee728b) [PhysX] Initialized MultithreadedTaskDispatcher with 16 workers.
[PhysX] Initialized MultithreadedTaskDispatcher with 16 workers.
 -> (artifact id: '75fde722010098c111373691cab37583') in 0.208306 seconds
Number of updated asset objects reloaded before import = 0
Number of asset objects unloaded after import = 78
========================================================================
Received Prepare
Caller must complete domain reload
Begin MonoManager ReloadAssembly
- Loaded All Assemblies, in  0.382 seconds
Native extension for WindowsStandalone target not found
Native extension for WebGL target not found
Mono: successfully reloaded assembly
- Finished resetting the current domain, in  1.442 seconds
Domain Reload Profiling: 1822ms
	BeginReloadAssembly (142ms)
		ExecutionOrderSort (0ms)
		DisableScriptedObjects (7ms)
		BackupInstance (0ms)
		ReleaseScriptingObjects (0ms)
		CreateAndSetChildDomain (27ms)
	RebuildCommonClasses (25ms)
	RebuildNativeTypeToScriptingClass (8ms)
	initialDomainReloadingComplete (24ms)
	LoadAllAssembliesAndSetupDomain (180ms)
		LoadAssemblies (229ms)
		RebuildTransferFunctionScriptingTraits (0ms)
		AnalyzeDomain (17ms)
			TypeCache.Refresh (7ms)
				TypeCache.ScanAssembly (0ms)
			ScanForSourceGeneratedMonoScriptInfo (0ms)
			ResolveRequiredComponents (8ms)
	FinalizeReload (1443ms)
		ReleaseScriptCaches (0ms)
		RebuildScriptCaches (0ms)
		SetupLoadedEditorAssemblies (718ms)
			LogAssemblyErrors (0ms)
			InitializePlatformSupportModulesInManaged (7ms)
			SetLoadedEditorAssemblies (3ms)
			RefreshPlugins (0ms)
			BeforeProcessingInitializeOnLoad (77ms)
			ProcessInitializeOnLoadAttributes (463ms)
			ProcessInitializeOnLoadMethodAttributes (149ms)
			AfterProcessingInitializeOnLoad (18ms)
			EditorAssembliesLoaded (1ms)
		ExecutionOrderSort2 (0ms)
		AwakeInstancesAfterBackupRestoration (70ms)
Refreshing native plugins compatible for Editor in 11.60 ms, found 4 plugins.
Preloading 0 native plugins for Editor in 0.00 ms.
Unloading 5141 Unused Serialized files (Serialized files now loaded: 0)
Unloading 23 unused Assets / (317.2 KB). Loaded Objects now: 6047.
Memory consumption went from 187.0 MB to 186.7 MB.
Total: 4.978700 ms (FindLiveObjects: 0.505700 ms CreateObjectMapping: 0.296600 ms MarkObjects: 4.014700 ms  DeleteObjects: 0.160500 ms)

Prepare: number of updated asset objects reloaded= 0
AssetImportParameters requested are different than current active one (requested -> active):
  custom:container-demuxer-ogg: 62fdf1f143b41e24485cea50d1cbac27 -> 
  custom:video-codec-MediaFoundation-h265: 746d11721c4dcdbdad8f713fa42b33f4 -> 
  custom:video-decoder-ogg-theora: a1e56fd34408186e4bbccfd4996cb3dc -> 
  custom:framework-win-MediaFoundation: 216162199b28c13a410421893ffa2e32 -> 
  custom:scripting/monoscript/fileName/FPCamera.cs: 1c037d24e0acc343b026b4e45c940244 -> c8ee585e775ce839539edb9638cfd224
  custom:scripting/monoscript/fileName/AmbientParticlesPSX.cs: 2815ab467087a59f25f476e028ac6c33 -> 
  custom:CustomObjectIndexerAttribute: 72b91833f83ae208fae7752999fa3104 -> 
  custom:container-demuxer-webm: 4f35f7cbe854078d1ac9338744f61a02 -> 
  custom:scripting/monoscript/fileName/FollowPlayerParticles.cs: 3c7f79002bb6b417e415a01af8998479 -> 
  custom:scripting/monoscript/fileName/PrepareBushOrGrassMesh.cs: aceb41db5deab9889da8bbf43f79acbf -> 
  custom:container-muxer-webm: aa71ff27fc2769a1b78a27578f13a17b -> 
  custom:video-decoder-webm-vp8: 9c59270c3fd7afecdb556c50c9e8de78 -> 
  custom:SearchIndexIgnoredProperties: e643bd26f0fe6173181afceb89e7c659 -> 
  custom:AudioImporter_EditorPlatform: d09bf68614088b80899f8185d706f6e7 -> 
  custom:scripting/monoscript/fileName/Linterna.cs: e9743de4c636e93c51897b9ca70463cf -> 
  custom:video-encoder-webm-vp8: eb34c28f22e8b96e1ab97ce403110664 -> 
  custom:audio-decoder-ogg-vorbis: bf7c407c2cedff20999df2af8eb42d56 -> 
  custom:audio-encoder-webm-vorbis: bf7c407c2cedff20999df2af8eb42d56 -> 
  custom:scripting/monoscript/fileName/SilentHillFogPulse.cs: 3aeaad3ea3f0a54efe9a2ddfa5a535ef -> 
  custom:scripting/precompiled-assembly-types:Assembly-CSharp: 9f3b9da185f6e8a35305ffb8d1230cbc -> 34565f389d82e3b3b8f006108841e8a5
========================================================================
Received Prepare
Caller must complete domain reload
Begin MonoManager ReloadAssembly
- Loaded All Assemblies, in  0.339 seconds
Native extension for WindowsStandalone target not found
Native extension for WebGL target not found
Mono: successfully reloaded assembly
- Finished resetting the current domain, in  0.951 seconds
Domain Reload Profiling: 1287ms
	BeginReloadAssembly (111ms)
		ExecutionOrderSort (0ms)
		DisableScriptedObjects (3ms)
		BackupInstance (0ms)
		ReleaseScriptingObjects (0ms)
		CreateAndSetChildDomain (20ms)
	RebuildCommonClasses (23ms)
	RebuildNativeTypeToScriptingClass (7ms)
	initialDomainReloadingComplete (22ms)
	LoadAllAssembliesAndSetupDomain (173ms)
		LoadAssemblies (220ms)
		RebuildTransferFunctionScriptingTraits (0ms)
		AnalyzeDomain (14ms)
			TypeCache.Refresh (5ms)
				TypeCache.ScanAssembly (0ms)
			ScanForSourceGeneratedMonoScriptInfo (0ms)
			ResolveRequiredComponents (7ms)
	FinalizeReload (951ms)
		ReleaseScriptCaches (0ms)
		RebuildScriptCaches (0ms)
		SetupLoadedEditorAssemblies (339ms)
			LogAssemblyErrors (0ms)
			InitializePlatformSupportModulesInManaged (6ms)
			SetLoadedEditorAssemblies (2ms)
			RefreshPlugins (0ms)
			BeforeProcessingInitializeOnLoad (57ms)
			ProcessInitializeOnLoadAttributes (206ms)
			ProcessInitializeOnLoadMethodAttributes (59ms)
			AfterProcessingInitializeOnLoad (8ms)
			EditorAssembliesLoaded (0ms)
		ExecutionOrderSort2 (0ms)
		AwakeInstancesAfterBackupRestoration (25ms)
Refreshing native plugins compatible for Editor in 11.89 ms, found 4 plugins.
Preloading 0 native plugins for Editor in 0.00 ms.
Unloading 5141 Unused Serialized files (Serialized files now loaded: 0)
Unloading 22 unused Assets / (317.6 KB). Loaded Objects now: 6052.
Memory consumption went from 187.0 MB to 186.6 MB.
Total: 5.950900 ms (FindLiveObjects: 0.495400 ms CreateObjectMapping: 0.233000 ms MarkObjects: 5.094900 ms  DeleteObjects: 0.125700 ms)

Prepare: number of updated asset objects reloaded= 0
AssetImportParameters requested are different than current active one (requested -> active):
  custom:container-demuxer-ogg: 62fdf1f143b41e24485cea50d1cbac27 -> 
  custom:video-codec-MediaFoundation-h265: 746d11721c4dcdbdad8f713fa42b33f4 -> 
  custom:video-decoder-ogg-theora: a1e56fd34408186e4bbccfd4996cb3dc -> 
  custom:framework-win-MediaFoundation: 216162199b28c13a410421893ffa2e32 -> 
  custom:scripting/monoscript/fileName/FPCamera.cs: 1c037d24e0acc343b026b4e45c940244 -> c8ee585e775ce839539edb9638cfd224
  custom:scripting/monoscript/fileName/AmbientParticlesPSX.cs: 2815ab467087a59f25f476e028ac6c33 -> 
  custom:CustomObjectIndexerAttribute: 72b91833f83ae208fae7752999fa3104 -> 
  custom:container-demuxer-webm: 4f35f7cbe854078d1ac9338744f61a02 -> 
  custom:scripting/monoscript/fileName/FollowPlayerParticles.cs: 3c7f79002bb6b417e415a01af8998479 -> 
  custom:scripting/monoscript/fileName/PrepareBushOrGrassMesh.cs: aceb41db5deab9889da8bbf43f79acbf -> 
  custom:container-muxer-webm: aa71ff27fc2769a1b78a27578f13a17b -> 
  custom:video-decoder-webm-vp8: 9c59270c3fd7afecdb556c50c9e8de78 -> 
  custom:SearchIndexIgnoredProperties: e643bd26f0fe6173181afceb89e7c659 -> 
  custom:AudioImporter_EditorPlatform: d09bf68614088b80899f8185d706f6e7 -> 
  custom:scripting/monoscript/fileName/Linterna.cs: e9743de4c636e93c51897b9ca70463cf -> 
  custom:video-encoder-webm-vp8: eb34c28f22e8b96e1ab97ce403110664 -> 
  custom:audio-decoder-ogg-vorbis: bf7c407c2cedff20999df2af8eb42d56 -> 
  custom:audio-encoder-webm-vorbis: bf7c407c2cedff20999df2af8eb42d56 -> 
  custom:scripting/monoscript/fileName/SilentHillFogPulse.cs: 3aeaad3ea3f0a54efe9a2ddfa5a535ef -> 
  custom:scripting/precompiled-assembly-types:Assembly-CSharp: 9f3b9da185f6e8a35305ffb8d1230cbc -> 34565f389d82e3b3b8f006108841e8a5
========================================================================
Received Prepare
Caller must complete domain reload
Begin MonoManager ReloadAssembly
- Loaded All Assemblies, in  0.356 seconds
Native extension for WindowsStandalone target not found
Native extension for WebGL target not found
Mono: successfully reloaded assembly
- Finished resetting the current domain, in  1.116 seconds
Domain Reload Profiling: 1470ms
	BeginReloadAssembly (114ms)
		ExecutionOrderSort (0ms)
		DisableScriptedObjects (3ms)
		BackupInstance (0ms)
		ReleaseScriptingObjects (0ms)
		CreateAndSetChildDomain (20ms)
	RebuildCommonClasses (22ms)
	RebuildNativeTypeToScriptingClass (7ms)
	initialDomainReloadingComplete (23ms)
	LoadAllAssembliesAndSetupDomain (186ms)
		LoadAssemblies (236ms)
		RebuildTransferFunctionScriptingTraits (0ms)
		AnalyzeDomain (14ms)
			TypeCache.Refresh (5ms)
				TypeCache.ScanAssembly (0ms)
			ScanForSourceGeneratedMonoScriptInfo (0ms)
			ResolveRequiredComponents (7ms)
	FinalizeReload (1117ms)
		ReleaseScriptCaches (0ms)
		RebuildScriptCaches (0ms)
		SetupLoadedEditorAssemblies (506ms)
			LogAssemblyErrors (0ms)
			InitializePlatformSupportModulesInManaged (8ms)
			SetLoadedEditorAssemblies (2ms)
			RefreshPlugins (0ms)
			BeforeProcessingInitializeOnLoad (66ms)
			ProcessInitializeOnLoadAttributes (314ms)
			ProcessInitializeOnLoadMethodAttributes (100ms)
			AfterProcessingInitializeOnLoad (16ms)
			EditorAssembliesLoaded (0ms)
		ExecutionOrderSort2 (0ms)
		AwakeInstancesAfterBackupRestoration (39ms)
Refreshing native plugins compatible for Editor in 7.75 ms, found 4 plugins.
Preloading 0 native plugins for Editor in 0.00 ms.
Unloading 5141 Unused Serialized files (Serialized files now loaded: 0)
Unloading 22 unused Assets / (317.2 KB). Loaded Objects now: 6057.
Memory consumption went from 187.0 MB to 186.7 MB.
Total: 3.579400 ms (FindLiveObjects: 0.363200 ms CreateObjectMapping: 0.161100 ms MarkObjects: 2.964400 ms  DeleteObjects: 0.089700 ms)

Prepare: number of updated asset objects reloaded= 0
AssetImportParameters requested are different than current active one (requested -> active):
  custom:container-demuxer-ogg: 62fdf1f143b41e24485cea50d1cbac27 -> 
  custom:video-codec-MediaFoundation-h265: 746d11721c4dcdbdad8f713fa42b33f4 -> 
  custom:video-decoder-ogg-theora: a1e56fd34408186e4bbccfd4996cb3dc -> 
  custom:framework-win-MediaFoundation: 216162199b28c13a410421893ffa2e32 -> 
  custom:scripting/monoscript/fileName/FPCamera.cs: 1c037d24e0acc343b026b4e45c940244 -> c8ee585e775ce839539edb9638cfd224
  custom:scripting/monoscript/fileName/AmbientParticlesPSX.cs: 2815ab467087a59f25f476e028ac6c33 -> 
  custom:CustomObjectIndexerAttribute: 72b91833f83ae208fae7752999fa3104 -> 
  custom:container-demuxer-webm: 4f35f7cbe854078d1ac9338744f61a02 -> 
  custom:scripting/monoscript/fileName/FollowPlayerParticles.cs: 3c7f79002bb6b417e415a01af8998479 -> 
  custom:scripting/monoscript/fileName/PrepareBushOrGrassMesh.cs: aceb41db5deab9889da8bbf43f79acbf -> 
  custom:container-muxer-webm: aa71ff27fc2769a1b78a27578f13a17b -> 
  custom:video-decoder-webm-vp8: 9c59270c3fd7afecdb556c50c9e8de78 -> 
  custom:SearchIndexIgnoredProperties: e643bd26f0fe6173181afceb89e7c659 -> 
  custom:AudioImporter_EditorPlatform: d09bf68614088b80899f8185d706f6e7 -> 
  custom:scripting/monoscript/fileName/Linterna.cs: e9743de4c636e93c51897b9ca70463cf -> 
  custom:video-encoder-webm-vp8: eb34c28f22e8b96e1ab97ce403110664 -> 
  custom:audio-decoder-ogg-vorbis: bf7c407c2cedff20999df2af8eb42d56 -> 
  custom:audio-encoder-webm-vorbis: bf7c407c2cedff20999df2af8eb42d56 -> 
  custom:scripting/monoscript/fileName/SilentHillFogPulse.cs: 3aeaad3ea3f0a54efe9a2ddfa5a535ef -> 
  custom:scripting/precompiled-assembly-types:Assembly-CSharp: 9f3b9da185f6e8a35305ffb8d1230cbc -> 34565f389d82e3b3b8f006108841e8a5
========================================================================
Received Prepare
Caller must complete domain reload
Begin MonoManager ReloadAssembly
- Loaded All Assemblies, in  0.362 seconds
Native extension for WindowsStandalone target not found
Native extension for WebGL target not found
Mono: successfully reloaded assembly
- Finished resetting the current domain, in  1.417 seconds
Domain Reload Profiling: 1777ms
	BeginReloadAssembly (110ms)
		ExecutionOrderSort (0ms)
		DisableScriptedObjects (4ms)
		BackupInstance (0ms)
		ReleaseScriptingObjects (0ms)
		CreateAndSetChildDomain (20ms)
	RebuildCommonClasses (25ms)
	RebuildNativeTypeToScriptingClass (9ms)
	initialDomainReloadingComplete (23ms)
	LoadAllAssembliesAndSetupDomain (193ms)
		LoadAssemblies (234ms)
		RebuildTransferFunctionScriptingTraits (0ms)
		AnalyzeDomain (16ms)
			TypeCache.Refresh (6ms)
				TypeCache.ScanAssembly (0ms)
			ScanForSourceGeneratedMonoScriptInfo (0ms)
			ResolveRequiredComponents (8ms)
	FinalizeReload (1418ms)
		ReleaseScriptCaches (0ms)
		RebuildScriptCaches (0ms)
		SetupLoadedEditorAssemblies (760ms)
			LogAssemblyErrors (0ms)
			InitializePlatformSupportModulesInManaged (9ms)
			SetLoadedEditorAssemblies (3ms)
			RefreshPlugins (0ms)
			BeforeProcessingInitializeOnLoad (89ms)
			ProcessInitializeOnLoadAttributes (480ms)
			ProcessInitializeOnLoadMethodAttributes (156ms)
			AfterProcessingInitializeOnLoad (21ms)
			EditorAssembliesLoaded (0ms)
		ExecutionOrderSort2 (0ms)
		AwakeInstancesAfterBackupRestoration (47ms)
Refreshing native plugins compatible for Editor in 11.61 ms, found 4 plugins.
Preloading 0 native plugins for Editor in 0.00 ms.
Unloading 5141 Unused Serialized files (Serialized files now loaded: 0)
Unloading 22 unused Assets / (317.6 KB). Loaded Objects now: 6062.
Memory consumption went from 187.0 MB to 186.7 MB.
Total: 7.432300 ms (FindLiveObjects: 0.527100 ms CreateObjectMapping: 0.224500 ms MarkObjects: 6.473000 ms  DeleteObjects: 0.205800 ms)

Prepare: number of updated asset objects reloaded= 0
AssetImportParameters requested are different than current active one (requested -> active):
  custom:container-demuxer-ogg: 62fdf1f143b41e24485cea50d1cbac27 -> 
  custom:video-codec-MediaFoundation-h265: 746d11721c4dcdbdad8f713fa42b33f4 -> 
  custom:video-decoder-ogg-theora: a1e56fd34408186e4bbccfd4996cb3dc -> 
  custom:framework-win-MediaFoundation: 216162199b28c13a410421893ffa2e32 -> 
  custom:scripting/monoscript/fileName/FPCamera.cs: 1c037d24e0acc343b026b4e45c940244 -> c8ee585e775ce839539edb9638cfd224
  custom:scripting/monoscript/fileName/AmbientParticlesPSX.cs: 2815ab467087a59f25f476e028ac6c33 -> 
  custom:CustomObjectIndexerAttribute: 72b91833f83ae208fae7752999fa3104 -> 
  custom:container-demuxer-webm: 4f35f7cbe854078d1ac9338744f61a02 -> 
  custom:scripting/monoscript/fileName/FollowPlayerParticles.cs: 3c7f79002bb6b417e415a01af8998479 -> 
  custom:scripting/monoscript/fileName/PrepareBushOrGrassMesh.cs: aceb41db5deab9889da8bbf43f79acbf -> 
  custom:container-muxer-webm: aa71ff27fc2769a1b78a27578f13a17b -> 
  custom:video-decoder-webm-vp8: 9c59270c3fd7afecdb556c50c9e8de78 -> 
  custom:SearchIndexIgnoredProperties: e643bd26f0fe6173181afceb89e7c659 -> 
  custom:AudioImporter_EditorPlatform: d09bf68614088b80899f8185d706f6e7 -> 
  custom:scripting/monoscript/fileName/Linterna.cs: e9743de4c636e93c51897b9ca70463cf -> 
  custom:video-encoder-webm-vp8: eb34c28f22e8b96e1ab97ce403110664 -> 
  custom:audio-decoder-ogg-vorbis: bf7c407c2cedff20999df2af8eb42d56 -> 
  custom:audio-encoder-webm-vorbis: bf7c407c2cedff20999df2af8eb42d56 -> 
  custom:scripting/monoscript/fileName/SilentHillFogPulse.cs: 3aeaad3ea3f0a54efe9a2ddfa5a535ef -> 
  custom:scripting/precompiled-assembly-types:Assembly-CSharp: 9f3b9da185f6e8a35305ffb8d1230cbc -> 34565f389d82e3b3b8f006108841e8a5
========================================================================
Received Prepare
Caller must complete domain reload
Begin MonoManager ReloadAssembly
- Loaded All Assemblies, in  0.358 seconds
Native extension for WindowsStandalone target not found
Native extension for WebGL target not found
Mono: successfully reloaded assembly
- Finished resetting the current domain, in  0.981 seconds
Domain Reload Profiling: 1337ms
	BeginReloadAssembly (115ms)
		ExecutionOrderSort (0ms)
		DisableScriptedObjects (3ms)
		BackupInstance (0ms)
		ReleaseScriptingObjects (0ms)
		CreateAndSetChildDomain (24ms)
	RebuildCommonClasses (27ms)
	RebuildNativeTypeToScriptingClass (8ms)
	initialDomainReloadingComplete (25ms)
	LoadAllAssembliesAndSetupDomain (180ms)
		LoadAssemblies (225ms)
		RebuildTransferFunctionScriptingTraits (0ms)
		AnalyzeDomain (16ms)
			TypeCache.Refresh (5ms)
				TypeCache.ScanAssembly (0ms)
			ScanForSourceGeneratedMonoScriptInfo (0ms)
			ResolveRequiredComponents (8ms)
	FinalizeReload (982ms)
		ReleaseScriptCaches (0ms)
		RebuildScriptCaches (0ms)
		SetupLoadedEditorAssemblies (369ms)
			LogAssemblyErrors (0ms)
			InitializePlatformSupportModulesInManaged (6ms)
			SetLoadedEditorAssemblies (2ms)
			RefreshPlugins (0ms)
			BeforeProcessingInitializeOnLoad (55ms)
			ProcessInitializeOnLoadAttributes (226ms)
			ProcessInitializeOnLoadMethodAttributes (71ms)
			AfterProcessingInitializeOnLoad (9ms)
			EditorAssembliesLoaded (0ms)
		ExecutionOrderSort2 (0ms)
		AwakeInstancesAfterBackupRestoration (25ms)
Refreshing native plugins compatible for Editor in 9.96 ms, found 4 plugins.
Preloading 0 native plugins for Editor in 0.00 ms.
Unloading 5141 Unused Serialized files (Serialized files now loaded: 0)
Unloading 22 unused Assets / (318.2 KB). Loaded Objects now: 6067.
Memory consumption went from 187.0 MB to 186.7 MB.
Total: 4.830500 ms (FindLiveObjects: 0.471700 ms CreateObjectMapping: 0.197300 ms MarkObjects: 3.991700 ms  DeleteObjects: 0.167900 ms)

Prepare: number of updated asset objects reloaded= 0
AssetImportParameters requested are different than current active one (requested -> active):
  custom:container-demuxer-ogg: 62fdf1f143b41e24485cea50d1cbac27 -> 
  custom:video-codec-MediaFoundation-h265: 746d11721c4dcdbdad8f713fa42b33f4 -> 
  custom:video-decoder-ogg-theora: a1e56fd34408186e4bbccfd4996cb3dc -> 
  custom:framework-win-MediaFoundation: 216162199b28c13a410421893ffa2e32 -> 
  custom:scripting/monoscript/fileName/FPCamera.cs: 1c037d24e0acc343b026b4e45c940244 -> c8ee585e775ce839539edb9638cfd224
  custom:scripting/monoscript/fileName/AmbientParticlesPSX.cs: 2815ab467087a59f25f476e028ac6c33 -> 
  custom:CustomObjectIndexerAttribute: 72b91833f83ae208fae7752999fa3104 -> 
  custom:container-demuxer-webm: 4f35f7cbe854078d1ac9338744f61a02 -> 
  custom:scripting/monoscript/fileName/FollowPlayerParticles.cs: 3c7f79002bb6b417e415a01af8998479 -> 
  custom:scripting/monoscript/fileName/PrepareBushOrGrassMesh.cs: aceb41db5deab9889da8bbf43f79acbf -> 
  custom:container-muxer-webm: aa71ff27fc2769a1b78a27578f13a17b -> 
  custom:video-decoder-webm-vp8: 9c59270c3fd7afecdb556c50c9e8de78 -> 
  custom:SearchIndexIgnoredProperties: e643bd26f0fe6173181afceb89e7c659 -> 
  custom:AudioImporter_EditorPlatform: d09bf68614088b80899f8185d706f6e7 -> 
  custom:scripting/monoscript/fileName/Linterna.cs: e9743de4c636e93c51897b9ca70463cf -> 
  custom:video-encoder-webm-vp8: eb34c28f22e8b96e1ab97ce403110664 -> 
  custom:audio-decoder-ogg-vorbis: bf7c407c2cedff20999df2af8eb42d56 -> 
  custom:audio-encoder-webm-vorbis: bf7c407c2cedff20999df2af8eb42d56 -> 
  custom:scripting/monoscript/fileName/SilentHillFogPulse.cs: 3aeaad3ea3f0a54efe9a2ddfa5a535ef -> 
  custom:scripting/precompiled-assembly-types:Assembly-CSharp: 9f3b9da185f6e8a35305ffb8d1230cbc -> 34565f389d82e3b3b8f006108841e8a5
========================================================================
Received Prepare
Caller must complete domain reload
Begin MonoManager ReloadAssembly
- Loaded All Assemblies, in  0.348 seconds
Native extension for WindowsStandalone target not found
Native extension for WebGL target not found
Mono: successfully reloaded assembly
- Finished resetting the current domain, in  1.255 seconds
Domain Reload Profiling: 1601ms
	BeginReloadAssembly (114ms)
		ExecutionOrderSort (0ms)
		DisableScriptedObjects (3ms)
		BackupInstance (0ms)
		ReleaseScriptingObjects (0ms)
		CreateAndSetChildDomain (21ms)
	RebuildCommonClasses (23ms)
	RebuildNativeTypeToScriptingClass (7ms)
	initialDomainReloadingComplete (24ms)
	LoadAllAssembliesAndSetupDomain (177ms)
		LoadAssemblies (224ms)
		RebuildTransferFunctionScriptingTraits (0ms)
		AnalyzeDomain (15ms)
			TypeCache.Refresh (5ms)
				TypeCache.ScanAssembly (0ms)
			ScanForSourceGeneratedMonoScriptInfo (0ms)
			ResolveRequiredComponents (7ms)
	FinalizeReload (1256ms)
		ReleaseScriptCaches (0ms)
		RebuildScriptCaches (0ms)
		SetupLoadedEditorAssemblies (615ms)
			LogAssemblyErrors (0ms)
			InitializePlatformSupportModulesInManaged (8ms)
			SetLoadedEditorAssemblies (3ms)
			RefreshPlugins (0ms)
			BeforeProcessingInitializeOnLoad (79ms)
			ProcessInitializeOnLoadAttributes (401ms)
			ProcessInitializeOnLoadMethodAttributes (110ms)
			AfterProcessingInitializeOnLoad (13ms)
			EditorAssembliesLoaded (0ms)
		ExecutionOrderSort2 (0ms)
		AwakeInstancesAfterBackupRestoration (40ms)
Refreshing native plugins compatible for Editor in 9.07 ms, found 4 plugins.
Preloading 0 native plugins for Editor in 0.00 ms.
Unloading 5141 Unused Serialized files (Serialized files now loaded: 0)
Unloading 22 unused Assets / (317.2 KB). Loaded Objects now: 6072.
Memory consumption went from 187.0 MB to 186.7 MB.
Total: 3.671300 ms (FindLiveObjects: 0.375700 ms CreateObjectMapping: 0.161700 ms MarkObjects: 3.043900 ms  DeleteObjects: 0.088600 ms)

Prepare: number of updated asset objects reloaded= 0
AssetImportParameters requested are different than current active one (requested -> active):
  custom:container-demuxer-ogg: 62fdf1f143b41e24485cea50d1cbac27 -> 
  custom:video-codec-MediaFoundation-h265: 746d11721c4dcdbdad8f713fa42b33f4 -> 
  custom:video-decoder-ogg-theora: a1e56fd34408186e4bbccfd4996cb3dc -> 
  custom:framework-win-MediaFoundation: 216162199b28c13a410421893ffa2e32 -> 
  custom:scripting/monoscript/fileName/FPCamera.cs: 1c037d24e0acc343b026b4e45c940244 -> c8ee585e775ce839539edb9638cfd224
  custom:scripting/monoscript/fileName/AmbientParticlesPSX.cs: 2815ab467087a59f25f476e028ac6c33 -> 
  custom:CustomObjectIndexerAttribute: 72b91833f83ae208fae7752999fa3104 -> 
  custom:container-demuxer-webm: 4f35f7cbe854078d1ac9338744f61a02 -> 
  custom:scripting/monoscript/fileName/FollowPlayerParticles.cs: 3c7f79002bb6b417e415a01af8998479 -> 
  custom:scripting/monoscript/fileName/PrepareBushOrGrassMesh.cs: aceb41db5deab9889da8bbf43f79acbf -> 
  custom:container-muxer-webm: aa71ff27fc2769a1b78a27578f13a17b -> 
  custom:video-decoder-webm-vp8: 9c59270c3fd7afecdb556c50c9e8de78 -> 
  custom:SearchIndexIgnoredProperties: e643bd26f0fe6173181afceb89e7c659 -> 
  custom:AudioImporter_EditorPlatform: d09bf68614088b80899f8185d706f6e7 -> 
  custom:scripting/monoscript/fileName/Linterna.cs: e9743de4c636e93c51897b9ca70463cf -> 
  custom:video-encoder-webm-vp8: eb34c28f22e8b96e1ab97ce403110664 -> 
  custom:audio-decoder-ogg-vorbis: bf7c407c2cedff20999df2af8eb42d56 -> 
  custom:audio-encoder-webm-vorbis: bf7c407c2cedff20999df2af8eb42d56 -> 
  custom:scripting/monoscript/fileName/SilentHillFogPulse.cs: 3aeaad3ea3f0a54efe9a2ddfa5a535ef -> 
  custom:scripting/precompiled-assembly-types:Assembly-CSharp: 9f3b9da185f6e8a35305ffb8d1230cbc -> 34565f389d82e3b3b8f006108841e8a5
========================================================================
Received Prepare
Caller must complete domain reload
Begin MonoManager ReloadAssembly
- Loaded All Assemblies, in  0.339 seconds
Native extension for WindowsStandalone target not found
Native extension for WebGL target not found
Mono: successfully reloaded assembly
- Finished resetting the current domain, in  1.267 seconds
Domain Reload Profiling: 1605ms
	BeginReloadAssembly (113ms)
		ExecutionOrderSort (0ms)
		DisableScriptedObjects (3ms)
		BackupInstance (0ms)
		ReleaseScriptingObjects (0ms)
		CreateAndSetChildDomain (22ms)
	RebuildCommonClasses (23ms)
	RebuildNativeTypeToScriptingClass (7ms)
	initialDomainReloadingComplete (22ms)
	LoadAllAssembliesAndSetupDomain (172ms)
		LoadAssemblies (217ms)
		RebuildTransferFunctionScriptingTraits (0ms)
		AnalyzeDomain (14ms)
			TypeCache.Refresh (5ms)
				TypeCache.ScanAssembly (0ms)
			ScanForSourceGeneratedMonoScriptInfo (0ms)
			ResolveRequiredComponents (7ms)
	FinalizeReload (1268ms)
		ReleaseScriptCaches (0ms)
		RebuildScriptCaches (0ms)
		SetupLoadedEditorAssemblies (609ms)
			LogAssemblyErrors (0ms)
			InitializePlatformSupportModulesInManaged (8ms)
			SetLoadedEditorAssemblies (3ms)
			RefreshPlugins (0ms)
			BeforeProcessingInitializeOnLoad (71ms)
			ProcessInitializeOnLoadAttributes (366ms)
			ProcessInitializeOnLoadMethodAttributes (140ms)
			AfterProcessingInitializeOnLoad (20ms)
			EditorAssembliesLoaded (0ms)
		ExecutionOrderSort2 (0ms)
		AwakeInstancesAfterBackupRestoration (61ms)
Refreshing native plugins compatible for Editor in 11.48 ms, found 4 plugins.
Preloading 0 native plugins for Editor in 0.00 ms.
Unloading 5141 Unused Serialized files (Serialized files now loaded: 0)
Unloading 22 unused Assets / (317.1 KB). Loaded Objects now: 6077.
Memory consumption went from 187.0 MB to 186.7 MB.
Total: 5.005100 ms (FindLiveObjects: 0.483500 ms CreateObjectMapping: 0.210300 ms MarkObjects: 4.166600 ms  DeleteObjects: 0.142900 ms)

Prepare: number of updated asset objects reloaded= 0
AssetImportParameters requested are different than current active one (requested -> active):
  custom:container-demuxer-ogg: 62fdf1f143b41e24485cea50d1cbac27 -> 
  custom:video-codec-MediaFoundation-h265: 746d11721c4dcdbdad8f713fa42b33f4 -> 
  custom:video-decoder-ogg-theora: a1e56fd34408186e4bbccfd4996cb3dc -> 
  custom:framework-win-MediaFoundation: 216162199b28c13a410421893ffa2e32 -> 
  custom:scripting/monoscript/fileName/FPCamera.cs: 1c037d24e0acc343b026b4e45c940244 -> c8ee585e775ce839539edb9638cfd224
  custom:scripting/monoscript/fileName/AmbientParticlesPSX.cs: 2815ab467087a59f25f476e028ac6c33 -> 
  custom:CustomObjectIndexerAttribute: 72b91833f83ae208fae7752999fa3104 -> 
  custom:container-demuxer-webm: 4f35f7cbe854078d1ac9338744f61a02 -> 
  custom:scripting/monoscript/fileName/FollowPlayerParticles.cs: 3c7f79002bb6b417e415a01af8998479 -> 
  custom:scripting/monoscript/fileName/PrepareBushOrGrassMesh.cs: aceb41db5deab9889da8bbf43f79acbf -> 
  custom:container-muxer-webm: aa71ff27fc2769a1b78a27578f13a17b -> 
  custom:video-decoder-webm-vp8: 9c59270c3fd7afecdb556c50c9e8de78 -> 
  custom:SearchIndexIgnoredProperties: e643bd26f0fe6173181afceb89e7c659 -> 
  custom:AudioImporter_EditorPlatform: d09bf68614088b80899f8185d706f6e7 -> 
  custom:scripting/monoscript/fileName/Linterna.cs: e9743de4c636e93c51897b9ca70463cf -> 
  custom:video-encoder-webm-vp8: eb34c28f22e8b96e1ab97ce403110664 -> 
  custom:audio-decoder-ogg-vorbis: bf7c407c2cedff20999df2af8eb42d56 -> 
  custom:audio-encoder-webm-vorbis: bf7c407c2cedff20999df2af8eb42d56 -> 
  custom:scripting/monoscript/fileName/SilentHillFogPulse.cs: 3aeaad3ea3f0a54efe9a2ddfa5a535ef -> 
  custom:scripting/precompiled-assembly-types:Assembly-CSharp: 9f3b9da185f6e8a35305ffb8d1230cbc -> 34565f389d82e3b3b8f006108841e8a5
========================================================================
Received Prepare
Caller must complete domain reload
Begin MonoManager ReloadAssembly
- Loaded All Assemblies, in  0.347 seconds
Native extension for WindowsStandalone target not found
Native extension for WebGL target not found
Mono: successfully reloaded assembly
- Finished resetting the current domain, in  0.997 seconds
Domain Reload Profiling: 1342ms
	BeginReloadAssembly (117ms)
		ExecutionOrderSort (0ms)
		DisableScriptedObjects (3ms)
		BackupInstance (0ms)
		ReleaseScriptingObjects (0ms)
		CreateAndSetChildDomain (20ms)
	RebuildCommonClasses (23ms)
	RebuildNativeTypeToScriptingClass (7ms)
	initialDomainReloadingComplete (23ms)
	LoadAllAssembliesAndSetupDomain (174ms)
		LoadAssemblies (225ms)
		RebuildTransferFunctionScriptingTraits (0ms)
		AnalyzeDomain (14ms)
			TypeCache.Refresh (5ms)
				TypeCache.ScanAssembly (0ms)
			ScanForSourceGeneratedMonoScriptInfo (0ms)
			ResolveRequiredComponents (7ms)
	FinalizeReload (998ms)
		ReleaseScriptCaches (0ms)
		RebuildScriptCaches (0ms)
		SetupLoadedEditorAssemblies (390ms)
			LogAssemblyErrors (0ms)
			InitializePlatformSupportModulesInManaged (6ms)
			SetLoadedEditorAssemblies (2ms)
			RefreshPlugins (0ms)
			BeforeProcessingInitializeOnLoad (59ms)
			ProcessInitializeOnLoadAttributes (245ms)
			ProcessInitializeOnLoadMethodAttributes (68ms)
			AfterProcessingInitializeOnLoad (10ms)
			EditorAssembliesLoaded (0ms)
		ExecutionOrderSort2 (0ms)
		AwakeInstancesAfterBackupRestoration (27ms)
Refreshing native plugins compatible for Editor in 11.63 ms, found 4 plugins.
Preloading 0 native plugins for Editor in 0.00 ms.
Unloading 5141 Unused Serialized files (Serialized files now loaded: 0)
Unloading 22 unused Assets / (317.5 KB). Loaded Objects now: 6082.
Memory consumption went from 187.0 MB to 186.7 MB.
Total: 5.371300 ms (FindLiveObjects: 0.513700 ms CreateObjectMapping: 0.329400 ms MarkObjects: 4.375600 ms  DeleteObjects: 0.150800 ms)

Prepare: number of updated asset objects reloaded= 0
AssetImportParameters requested are different than current active one (requested -> active):
  custom:container-demuxer-ogg: 62fdf1f143b41e24485cea50d1cbac27 -> 
  custom:video-codec-MediaFoundation-h265: 746d11721c4dcdbdad8f713fa42b33f4 -> 
  custom:video-decoder-ogg-theora: a1e56fd34408186e4bbccfd4996cb3dc -> 
  custom:framework-win-MediaFoundation: 216162199b28c13a410421893ffa2e32 -> 
  custom:scripting/monoscript/fileName/FPCamera.cs: 1c037d24e0acc343b026b4e45c940244 -> c8ee585e775ce839539edb9638cfd224
  custom:scripting/monoscript/fileName/AmbientParticlesPSX.cs: 2815ab467087a59f25f476e028ac6c33 -> 
  custom:CustomObjectIndexerAttribute: 72b91833f83ae208fae7752999fa3104 -> 
  custom:container-demuxer-webm: 4f35f7cbe854078d1ac9338744f61a02 -> 
  custom:scripting/monoscript/fileName/FollowPlayerParticles.cs: 3c7f79002bb6b417e415a01af8998479 -> 
  custom:scripting/monoscript/fileName/PrepareBushOrGrassMesh.cs: aceb41db5deab9889da8bbf43f79acbf -> 
  custom:container-muxer-webm: aa71ff27fc2769a1b78a27578f13a17b -> 
  custom:video-decoder-webm-vp8: 9c59270c3fd7afecdb556c50c9e8de78 -> 
  custom:SearchIndexIgnoredProperties: e643bd26f0fe6173181afceb89e7c659 -> 
  custom:AudioImporter_EditorPlatform: d09bf68614088b80899f8185d706f6e7 -> 
  custom:scripting/monoscript/fileName/Linterna.cs: e9743de4c636e93c51897b9ca70463cf -> 
  custom:video-encoder-webm-vp8: eb34c28f22e8b96e1ab97ce403110664 -> 
  custom:audio-decoder-ogg-vorbis: bf7c407c2cedff20999df2af8eb42d56 -> 
  custom:audio-encoder-webm-vorbis: bf7c407c2cedff20999df2af8eb42d56 -> 
  custom:scripting/monoscript/fileName/SilentHillFogPulse.cs: 3aeaad3ea3f0a54efe9a2ddfa5a535ef -> 
  custom:scripting/precompiled-assembly-types:Assembly-CSharp: 9f3b9da185f6e8a35305ffb8d1230cbc -> 34565f389d82e3b3b8f006108841e8a5
========================================================================
Received Import Request.
  Time since last request: 282.542279 seconds.
  path: Assets/Scripts/PlayerController.cs
  artifactKey: Guid(e0d2492f2b0f038468219c65865d0005) Importer(815301076,1909f56bfc062723c751e8b465ee728b)
Start importing Assets/Scripts/PlayerController.cs using Guid(e0d2492f2b0f038468219c65865d0005) Importer(815301076,1909f56bfc062723c751e8b465ee728b) [PhysX] Initialized MultithreadedTaskDispatcher with 16 workers.
 -> (artifact id: '9158fde23ed60f7258ac6ce3e38b0035') in 0.008282 seconds
Number of updated asset objects reloaded before import = 0
Number of asset objects unloaded after import = 0
========================================================================
Received Prepare
Caller must complete domain reload
Begin MonoManager ReloadAssembly
- Loaded All Assemblies, in  0.373 seconds
Native extension for WindowsStandalone target not found
Native extension for WebGL target not found
Mono: successfully reloaded assembly
- Finished resetting the current domain, in  1.097 seconds
Domain Reload Profiling: 1466ms
	BeginReloadAssembly (118ms)
		ExecutionOrderSort (0ms)
		DisableScriptedObjects (3ms)
		BackupInstance (0ms)
		ReleaseScriptingObjects (0ms)
		CreateAndSetChildDomain (27ms)
	RebuildCommonClasses (26ms)
	RebuildNativeTypeToScriptingClass (8ms)
	initialDomainReloadingComplete (24ms)
	LoadAllAssembliesAndSetupDomain (193ms)
		LoadAssemblies (223ms)
		RebuildTransferFunctionScriptingTraits (0ms)
		AnalyzeDomain (32ms)
			TypeCache.Refresh (7ms)
				TypeCache.ScanAssembly (0ms)
			ScanForSourceGeneratedMonoScriptInfo (14ms)
			ResolveRequiredComponents (9ms)
	FinalizeReload (1097ms)
		ReleaseScriptCaches (0ms)
		RebuildScriptCaches (0ms)
		SetupLoadedEditorAssemblies (371ms)
			LogAssemblyErrors (0ms)
			InitializePlatformSupportModulesInManaged (7ms)
			SetLoadedEditorAssemblies (3ms)
			RefreshPlugins (0ms)
			BeforeProcessingInitializeOnLoad (65ms)
			ProcessInitializeOnLoadAttributes (239ms)
			ProcessInitializeOnLoadMethodAttributes (51ms)
			AfterProcessingInitializeOnLoad (6ms)
			EditorAssembliesLoaded (0ms)
		ExecutionOrderSort2 (0ms)
		AwakeInstancesAfterBackupRestoration (19ms)
Refreshing native plugins compatible for Editor in 5.75 ms, found 4 plugins.
Preloading 0 native plugins for Editor in 0.00 ms.
Unloading 5141 Unused Serialized files (Serialized files now loaded: 0)
Unloading 22 unused Assets / (317.1 KB). Loaded Objects now: 6087.
Memory consumption went from 187.0 MB to 186.7 MB.
Total: 2.508700 ms (FindLiveObjects: 0.278900 ms CreateObjectMapping: 0.119200 ms MarkObjects: 2.042700 ms  DeleteObjects: 0.067100 ms)

Prepare: number of updated asset objects reloaded= 0
AssetImportParameters requested are different than current active one (requested -> active):
  custom:container-demuxer-ogg: 62fdf1f143b41e24485cea50d1cbac27 -> 
  custom:video-codec-MediaFoundation-h265: 746d11721c4dcdbdad8f713fa42b33f4 -> 
  custom:video-decoder-ogg-theora: a1e56fd34408186e4bbccfd4996cb3dc -> 
  custom:framework-win-MediaFoundation: 216162199b28c13a410421893ffa2e32 -> 
  custom:scripting/monoscript/fileName/FPCamera.cs: 1c037d24e0acc343b026b4e45c940244 -> c8ee585e775ce839539edb9638cfd224
  custom:scripting/monoscript/fileName/AmbientParticlesPSX.cs: 2815ab467087a59f25f476e028ac6c33 -> 
  custom:CustomObjectIndexerAttribute: 72b91833f83ae208fae7752999fa3104 -> 
  custom:container-demuxer-webm: 4f35f7cbe854078d1ac9338744f61a02 -> 
  custom:scripting/monoscript/fileName/FollowPlayerParticles.cs: 3c7f79002bb6b417e415a01af8998479 -> 
  custom:scripting/monoscript/fileName/PrepareBushOrGrassMesh.cs: aceb41db5deab9889da8bbf43f79acbf -> 
  custom:container-muxer-webm: aa71ff27fc2769a1b78a27578f13a17b -> 
  custom:video-decoder-webm-vp8: 9c59270c3fd7afecdb556c50c9e8de78 -> 
  custom:SearchIndexIgnoredProperties: e643bd26f0fe6173181afceb89e7c659 -> 
  custom:AudioImporter_EditorPlatform: d09bf68614088b80899f8185d706f6e7 -> 
  custom:scripting/monoscript/fileName/Linterna.cs: e9743de4c636e93c51897b9ca70463cf -> 
  custom:video-encoder-webm-vp8: eb34c28f22e8b96e1ab97ce403110664 -> 
  custom:audio-decoder-ogg-vorbis: bf7c407c2cedff20999df2af8eb42d56 -> 
  custom:audio-encoder-webm-vorbis: bf7c407c2cedff20999df2af8eb42d56 -> 
  custom:scripting/monoscript/fileName/SilentHillFogPulse.cs: 3aeaad3ea3f0a54efe9a2ddfa5a535ef -> 
  custom:scripting/precompiled-assembly-types:Assembly-CSharp: 9f3b9da185f6e8a35305ffb8d1230cbc -> 34565f389d82e3b3b8f006108841e8a5
========================================================================
Received Prepare
Caller must complete domain reload
Begin MonoManager ReloadAssembly
- Loaded All Assemblies, in  0.412 seconds
Native extension for WindowsStandalone target not found
Native extension for WebGL target not found
Mono: successfully reloaded assembly
- Finished resetting the current domain, in  1.277 seconds
Domain Reload Profiling: 1686ms
	BeginReloadAssembly (133ms)
		ExecutionOrderSort (0ms)
		DisableScriptedObjects (4ms)
		BackupInstance (0ms)
		ReleaseScriptingObjects (0ms)
		CreateAndSetChildDomain (24ms)
	RebuildCommonClasses (29ms)
	RebuildNativeTypeToScriptingClass (8ms)
	initialDomainReloadingComplete (30ms)
	LoadAllAssembliesAndSetupDomain (208ms)
		LoadAssemblies (265ms)
		RebuildTransferFunctionScriptingTraits (0ms)
		AnalyzeDomain (18ms)
			TypeCache.Refresh (6ms)
				TypeCache.ScanAssembly (0ms)
			ScanForSourceGeneratedMonoScriptInfo (0ms)
			ResolveRequiredComponents (10ms)
	FinalizeReload (1278ms)
		ReleaseScriptCaches (0ms)
		RebuildScriptCaches (0ms)
		SetupLoadedEditorAssemblies (562ms)
			LogAssemblyErrors (0ms)
			InitializePlatformSupportModulesInManaged (7ms)
			SetLoadedEditorAssemblies (3ms)
			RefreshPlugins (0ms)
			BeforeProcessingInitializeOnLoad (62ms)
			ProcessInitializeOnLoadAttributes (343ms)
			ProcessInitializeOnLoadMethodAttributes (131ms)
			AfterProcessingInitializeOnLoad (15ms)
			EditorAssembliesLoaded (0ms)
		ExecutionOrderSort2 (0ms)
		AwakeInstancesAfterBackupRestoration (53ms)
Refreshing native plugins compatible for Editor in 11.30 ms, found 4 plugins.
Preloading 0 native plugins for Editor in 0.00 ms.
Unloading 5141 Unused Serialized files (Serialized files now loaded: 0)
Unloading 22 unused Assets / (317.1 KB). Loaded Objects now: 6092.
Memory consumption went from 187.0 MB to 186.7 MB.
Total: 5.849700 ms (FindLiveObjects: 0.507000 ms CreateObjectMapping: 0.214400 ms MarkObjects: 4.944300 ms  DeleteObjects: 0.181800 ms)

Prepare: number of updated asset objects reloaded= 0
AssetImportParameters requested are different than current active one (requested -> active):
  custom:container-demuxer-ogg: 62fdf1f143b41e24485cea50d1cbac27 -> 
  custom:video-codec-MediaFoundation-h265: 746d11721c4dcdbdad8f713fa42b33f4 -> 
  custom:video-decoder-ogg-theora: a1e56fd34408186e4bbccfd4996cb3dc -> 
  custom:framework-win-MediaFoundation: 216162199b28c13a410421893ffa2e32 -> 
  custom:scripting/monoscript/fileName/FPCamera.cs: 1c037d24e0acc343b026b4e45c940244 -> c8ee585e775ce839539edb9638cfd224
  custom:scripting/monoscript/fileName/AmbientParticlesPSX.cs: 2815ab467087a59f25f476e028ac6c33 -> 
  custom:CustomObjectIndexerAttribute: 72b91833f83ae208fae7752999fa3104 -> 
  custom:container-demuxer-webm: 4f35f7cbe854078d1ac9338744f61a02 -> 
  custom:scripting/monoscript/fileName/FollowPlayerParticles.cs: 3c7f79002bb6b417e415a01af8998479 -> 
  custom:scripting/monoscript/fileName/PrepareBushOrGrassMesh.cs: aceb41db5deab9889da8bbf43f79acbf -> 
  custom:container-muxer-webm: aa71ff27fc2769a1b78a27578f13a17b -> 
  custom:video-decoder-webm-vp8: 9c59270c3fd7afecdb556c50c9e8de78 -> 
  custom:SearchIndexIgnoredProperties: e643bd26f0fe6173181afceb89e7c659 -> 
  custom:AudioImporter_EditorPlatform: d09bf68614088b80899f8185d706f6e7 -> 
  custom:scripting/monoscript/fileName/Linterna.cs: e9743de4c636e93c51897b9ca70463cf -> 
  custom:video-encoder-webm-vp8: eb34c28f22e8b96e1ab97ce403110664 -> 
  custom:audio-decoder-ogg-vorbis: bf7c407c2cedff20999df2af8eb42d56 -> 
  custom:audio-encoder-webm-vorbis: bf7c407c2cedff20999df2af8eb42d56 -> 
  custom:scripting/monoscript/fileName/SilentHillFogPulse.cs: 3aeaad3ea3f0a54efe9a2ddfa5a535ef -> 
  custom:scripting/precompiled-assembly-types:Assembly-CSharp: 9f3b9da185f6e8a35305ffb8d1230cbc -> 34565f389d82e3b3b8f006108841e8a5
========================================================================
Received Import Request.
  Time since last request: 154.246332 seconds.
  path: Assets/dvloper-slender-man-official-model/source
  artifactKey: Guid(fef7ff1690a6cb54aa28f5c3c8e8b2dc) Importer(815301076,1909f56bfc062723c751e8b465ee728b)
Start importing Assets/dvloper-slender-man-official-model/source using Guid(fef7ff1690a6cb54aa28f5c3c8e8b2dc) Importer(815301076,1909f56bfc062723c751e8b465ee728b) [PhysX] Initialized MultithreadedTaskDispatcher with 16 workers.
 -> (artifact id: '2297307beb0e3229e885a3cf6479da9a') in 0.005092 seconds
Number of updated asset objects reloaded before import = 0
Number of asset objects unloaded after import = 0
========================================================================
Received Import Request.
  Time since last request: 0.019182 seconds.
  path: Assets/dvloper-slender-man-official-model/source/untitdzadazdazdazled.fbx
  artifactKey: Guid(ee9921b3b6cb00046b4028dcdcab9fed) Importer(815301076,1909f56bfc062723c751e8b465ee728b)
Start importing Assets/dvloper-slender-man-official-model/source/untitdzadazdazdazled.fbx using Guid(ee9921b3b6cb00046b4028dcdcab9fed) Importer(815301076,1909f56bfc062723c751e8b465ee728b) [PhysX] Initialized MultithreadedTaskDispatcher with 16 workers.
[PhysX] Initialized MultithreadedTaskDispatcher with 16 workers.
[PhysX] Initialized MultithreadedTaskDispatcher with 16 workers.
[PhysX] Initialized MultithreadedTaskDispatcher with 16 workers.
[PhysX] Initialized MultithreadedTaskDispatcher with 16 workers.
[PhysX] Initialized MultithreadedTaskDispatcher with 16 workers.
[PhysX] Initialized MultithreadedTaskDispatcher with 16 workers.
[PhysX] Initialized MultithreadedTaskDispatcher with 16 workers.
[PhysX] Initialized MultithreadedTaskDispatcher with 16 workers.
[PhysX] Initialized MultithreadedTaskDispatcher with 16 workers.
 -> (artifact id: '236be778cbde7e33706f4d3d75f1e838') in 0.288229 seconds
Number of updated asset objects reloaded before import = 0
Number of asset objects unloaded after import = 153
========================================================================
Received Import Request.
  Time since last request: 75.198496 seconds.
  path: Assets/dvloper-slender-man-official-model/textures
  artifactKey: Guid(710d04ac32e8ff34ba768e32a48f8e9b) Importer(815301076,1909f56bfc062723c751e8b465ee728b)
Start importing Assets/dvloper-slender-man-official-model/textures using Guid(710d04ac32e8ff34ba768e32a48f8e9b) Importer(815301076,1909f56bfc062723c751e8b465ee728b) [PhysX] Initialized MultithreadedTaskDispatcher with 16 workers.
 -> (artifact id: 'dc29133242d2ac4b11c4d19c0d92470a') in 0.000583 seconds
Number of updated asset objects reloaded before import = 0
Number of asset objects unloaded after import = 0
========================================================================
Received Import Request.
  Time since last request: 0.055618 seconds.
  path: Assets/dvloper-slender-man-official-model/textures/BlackScreenTexture.png
  artifactKey: Guid(1ef2b6c9e71dd3d4eb00f5322ff910c5) Importer(815301076,1909f56bfc062723c751e8b465ee728b)
Start importing Assets/dvloper-slender-man-official-model/textures/BlackScreenTexture.png using Guid(1ef2b6c9e71dd3d4eb00f5322ff910c5) Importer(815301076,1909f56bfc062723c751e8b465ee728b) [PhysX] Initialized MultithreadedTaskDispatcher with 16 workers.
[PhysX] Initialized MultithreadedTaskDispatcher with 16 workers.
 -> (artifact id: '83c882b9f33fc6577862ad4283fc5bd5') in 0.019411 seconds
Number of updated asset objects reloaded before import = 0
Number of asset objects unloaded after import = 2
========================================================================
Received Import Request.
  Time since last request: 0.000019 seconds.
  path: Assets/dvloper-slender-man-official-model/textures/Suit_copy.png
  artifactKey: Guid(fb9ae27beaecd7d48b3353ac1c1bcd6a) Importer(815301076,1909f56bfc062723c751e8b465ee728b)
Start importing Assets/dvloper-slender-man-official-model/textures/Suit_copy.png using Guid(fb9ae27beaecd7d48b3353ac1c1bcd6a) Importer(815301076,1909f56bfc062723c751e8b465ee728b) [PhysX] Initialized MultithreadedTaskDispatcher with 16 workers.
[PhysX] Initialized MultithreadedTaskDispatcher with 16 workers.
 -> (artifact id: '90e175886be7566feca8905c9b1cc0b3') in 0.016426 seconds
Number of updated asset objects reloaded before import = 0
Number of asset objects unloaded after import = 2
========================================================================
Received Import Request.
  Time since last request: 0.000019 seconds.
  path: Assets/dvloper-slender-man-official-model/textures/SlendermanNormal1.png
  artifactKey: Guid(c2dc53abd4c0fb04da956e844c23549a) Importer(815301076,1909f56bfc062723c751e8b465ee728b)
Start importing Assets/dvloper-slender-man-official-model/textures/SlendermanNormal1.png using Guid(c2dc53abd4c0fb04da956e844c23549a) Importer(815301076,1909f56bfc062723c751e8b465ee728b) [PhysX] Initialized MultithreadedTaskDispatcher with 16 workers.
[PhysX] Initialized MultithreadedTaskDispatcher with 16 workers.
 -> (artifact id: '771f52816c5a8482a56a0ee15dc39086') in 0.017691 seconds
Number of updated asset objects reloaded before import = 0
Number of asset objects unloaded after import = 2
========================================================================
Received Import Request.
  Time since last request: 0.000021 seconds.
  path: Assets/dvloper-slender-man-official-model/textures/VittTyg.png
  artifactKey: Guid(ddea3ce7b47349d4aa4c62dda918b8c4) Importer(815301076,1909f56bfc062723c751e8b465ee728b)
Start importing Assets/dvloper-slender-man-official-model/textures/VittTyg.png using Guid(ddea3ce7b47349d4aa4c62dda918b8c4) Importer(815301076,1909f56bfc062723c751e8b465ee728b) [PhysX] Initialized MultithreadedTaskDispatcher with 16 workers.
[PhysX] Initialized MultithreadedTaskDispatcher with 16 workers.
 -> (artifact id: '043d173113c97bbad0aaa79f1788b18a') in 0.018144 seconds
Number of updated asset objects reloaded before import = 0
Number of asset objects unloaded after import = 2
========================================================================
Received Prepare
Caller must complete domain reload
Begin MonoManager ReloadAssembly
- Loaded All Assemblies, in  0.362 seconds
Native extension for WindowsStandalone target not found
Native extension for WebGL target not found
Mono: successfully reloaded assembly
- Finished resetting the current domain, in  1.018 seconds
Domain Reload Profiling: 1379ms
	BeginReloadAssembly (119ms)
		ExecutionOrderSort (0ms)
		DisableScriptedObjects (7ms)
		BackupInstance (0ms)
		ReleaseScriptingObjects (0ms)
		CreateAndSetChildDomain (26ms)
	RebuildCommonClasses (22ms)
	RebuildNativeTypeToScriptingClass (11ms)
	initialDomainReloadingComplete (23ms)
	LoadAllAssembliesAndSetupDomain (185ms)
		LoadAssemblies (230ms)
		RebuildTransferFunctionScriptingTraits (0ms)
		AnalyzeDomain (15ms)
			TypeCache.Refresh (6ms)
				TypeCache.ScanAssembly (0ms)
			ScanForSourceGeneratedMonoScriptInfo (0ms)
			ResolveRequiredComponents (8ms)
	FinalizeReload (1019ms)
		ReleaseScriptCaches (0ms)
		RebuildScriptCaches (0ms)
		SetupLoadedEditorAssemblies (411ms)
			LogAssemblyErrors (0ms)
			InitializePlatformSupportModulesInManaged (5ms)
			SetLoadedEditorAssemblies (2ms)
			RefreshPlugins (0ms)
			BeforeProcessingInitializeOnLoad (52ms)
			ProcessInitializeOnLoadAttributes (261ms)
			ProcessInitializeOnLoadMethodAttributes (79ms)
			AfterProcessingInitializeOnLoad (10ms)
			EditorAssembliesLoaded (0ms)
		ExecutionOrderSort2 (0ms)
		AwakeInstancesAfterBackupRestoration (33ms)
Refreshing native plugins compatible for Editor in 13.41 ms, found 4 plugins.
Preloading 0 native plugins for Editor in 0.00 ms.
Unloading 5141 Unused Serialized files (Serialized files now loaded: 0)
Unloading 22 unused Assets / (317.1 KB). Loaded Objects now: 6138.
Memory consumption went from 188.9 MB to 188.6 MB.
Total: 4.314800 ms (FindLiveObjects: 0.396400 ms CreateObjectMapping: 0.179100 ms MarkObjects: 3.639100 ms  DeleteObjects: 0.098600 ms)

Prepare: number of updated asset objects reloaded= 0
AssetImportParameters requested are different than current active one (requested -> active):
  custom:container-demuxer-ogg: 62fdf1f143b41e24485cea50d1cbac27 -> 
  custom:video-codec-MediaFoundation-h265: 746d11721c4dcdbdad8f713fa42b33f4 -> 
  custom:video-decoder-ogg-theora: a1e56fd34408186e4bbccfd4996cb3dc -> 
  custom:framework-win-MediaFoundation: 216162199b28c13a410421893ffa2e32 -> 
  custom:scripting/monoscript/fileName/FPCamera.cs: 1c037d24e0acc343b026b4e45c940244 -> c8ee585e775ce839539edb9638cfd224
  custom:scripting/monoscript/fileName/AmbientParticlesPSX.cs: 2815ab467087a59f25f476e028ac6c33 -> 
  custom:CustomObjectIndexerAttribute: 72b91833f83ae208fae7752999fa3104 -> 
  custom:container-demuxer-webm: 4f35f7cbe854078d1ac9338744f61a02 -> 
  custom:scripting/monoscript/fileName/FollowPlayerParticles.cs: 3c7f79002bb6b417e415a01af8998479 -> 
  custom:scripting/monoscript/fileName/PrepareBushOrGrassMesh.cs: aceb41db5deab9889da8bbf43f79acbf -> 
  custom:container-muxer-webm: aa71ff27fc2769a1b78a27578f13a17b -> 
  custom:video-decoder-webm-vp8: 9c59270c3fd7afecdb556c50c9e8de78 -> 
  custom:SearchIndexIgnoredProperties: e643bd26f0fe6173181afceb89e7c659 -> 
  custom:AudioImporter_EditorPlatform: d09bf68614088b80899f8185d706f6e7 -> 
  custom:scripting/monoscript/fileName/Linterna.cs: e9743de4c636e93c51897b9ca70463cf -> 
  custom:video-encoder-webm-vp8: eb34c28f22e8b96e1ab97ce403110664 -> 
  custom:audio-decoder-ogg-vorbis: bf7c407c2cedff20999df2af8eb42d56 -> 
  custom:audio-encoder-webm-vorbis: bf7c407c2cedff20999df2af8eb42d56 -> 
  custom:scripting/monoscript/fileName/SilentHillFogPulse.cs: 3aeaad3ea3f0a54efe9a2ddfa5a535ef -> 
  custom:scripting/precompiled-assembly-types:Assembly-CSharp: 9f3b9da185f6e8a35305ffb8d1230cbc -> 34565f389d82e3b3b8f006108841e8a5
========================================================================
Received Import Request.
  Time since last request: 346.086191 seconds.
  path: Assets/Player 1.prefab
  artifactKey: Guid(ef1edbe5e0877b146a44592f9cdd64d3) Importer(815301076,1909f56bfc062723c751e8b465ee728b)
Start importing Assets/Player 1.prefab using Guid(ef1edbe5e0877b146a44592f9cdd64d3) Importer(815301076,1909f56bfc062723c751e8b465ee728b) [PhysX] Initialized MultithreadedTaskDispatcher with 16 workers.
[PhysX] Initialized MultithreadedTaskDispatcher with 16 workers.
 -> (artifact id: '6739e9097d86e0cd15db6c1342197018') in 0.208348 seconds
Number of updated asset objects reloaded before import = 0
Number of asset objects unloaded after import = 78
========================================================================
Received Import Request.
  Time since last request: 3.878703 seconds.
  path: Assets/Free
  artifactKey: Guid(8ddee74000ddbb54986e2fa21df7721c) Importer(815301076,1909f56bfc062723c751e8b465ee728b)
Start importing Assets/Free using Guid(8ddee74000ddbb54986e2fa21df7721c) Importer(815301076,1909f56bfc062723c751e8b465ee728b) [PhysX] Initialized MultithreadedTaskDispatcher with 16 workers.
 -> (artifact id: '301fc04d67927c3026d57b3daa5e5037') in 0.000683 seconds
Number of updated asset objects reloaded before import = 0
Number of asset objects unloaded after import = 0
========================================================================
Received Import Request.
  Time since last request: 2.040895 seconds.
  path: Assets/Scenes
  artifactKey: Guid(bd76746d79c9d2f4f94c5b160467edef) Importer(815301076,1909f56bfc062723c751e8b465ee728b)
Start importing Assets/Scenes using Guid(bd76746d79c9d2f4f94c5b160467edef) Importer(815301076,1909f56bfc062723c751e8b465ee728b) [PhysX] Initialized MultithreadedTaskDispatcher with 16 workers.
 -> (artifact id: '15b790c7421f1b32bd57d6a2d9649fa0') in 0.000511 seconds
Number of updated asset objects reloaded before import = 0
Number of asset objects unloaded after import = 0
========================================================================
Received Import Request.
  Time since last request: 68.204503 seconds.
  path: Assets/Player (1).prefab
  artifactKey: Guid(09b8d8fcf2da3634da2964a1d35bc39b) Importer(815301076,1909f56bfc062723c751e8b465ee728b)
Start importing Assets/Player (1).prefab using Guid(09b8d8fcf2da3634da2964a1d35bc39b) Importer(815301076,1909f56bfc062723c751e8b465ee728b) [PhysX] Initialized MultithreadedTaskDispatcher with 16 workers.
[PhysX] Initialized MultithreadedTaskDispatcher with 16 workers.
 -> (artifact id: '3c32c03fd910b45e2f0636e903c9f9e4') in 0.026667 seconds
Number of updated asset objects reloaded before import = 0
Number of asset objects unloaded after import = 51
========================================================================
Received Import Request.
  Time since last request: 64.620638 seconds.
  path: Assets/Texturas/Materials/Screenshot 2026-10-04 222545.mat
  artifactKey: Guid(90ee749d01f45c9429e500ceb681fdd0) Importer(815301076,1909f56bfc062723c751e8b465ee728b)
Start importing Assets/Texturas/Materials/Screenshot 2026-10-04 222545.mat using Guid(90ee749d01f45c9429e500ceb681fdd0) Importer(815301076,1909f56bfc062723c751e8b465ee728b) [PhysX] Initialized MultithreadedTaskDispatcher with 16 workers.
[PhysX] Initialized MultithreadedTaskDispatcher with 16 workers.
 -> (artifact id: 'e4fd8f25f438779d5003caaa331fef1e') in 0.030050 seconds
Number of updated asset objects reloaded before import = 0
Number of asset objects unloaded after import = 5
========================================================================
Received Prepare
Caller must complete domain reload
Begin MonoManager ReloadAssembly
- Loaded All Assemblies, in  0.351 seconds
Native extension for WindowsStandalone target not found
Native extension for WebGL target not found
Mono: successfully reloaded assembly
- Finished resetting the current domain, in  1.253 seconds
Domain Reload Profiling: 1602ms
	BeginReloadAssembly (120ms)
		ExecutionOrderSort (0ms)
		DisableScriptedObjects (7ms)
		BackupInstance (0ms)
		ReleaseScriptingObjects (0ms)
		CreateAndSetChildDomain (26ms)
	RebuildCommonClasses (22ms)
	RebuildNativeTypeToScriptingClass (7ms)
	initialDomainReloadingComplete (23ms)
	LoadAllAssembliesAndSetupDomain (176ms)
		LoadAssemblies (223ms)
		RebuildTransferFunctionScriptingTraits (0ms)
		AnalyzeDomain (14ms)
			TypeCache.Refresh (5ms)
				TypeCache.ScanAssembly (0ms)
			ScanForSourceGeneratedMonoScriptInfo (0ms)
			ResolveRequiredComponents (7ms)
	FinalizeReload (1253ms)
		ReleaseScriptCaches (0ms)
		RebuildScriptCaches (0ms)
		SetupLoadedEditorAssemblies (594ms)
			LogAssemblyErrors (0ms)
			InitializePlatformSupportModulesInManaged (9ms)
			SetLoadedEditorAssemblies (3ms)
			RefreshPlugins (0ms)
			BeforeProcessingInitializeOnLoad (81ms)
			ProcessInitializeOnLoadAttributes (385ms)
			ProcessInitializeOnLoadMethodAttributes (104ms)
			AfterProcessingInitializeOnLoad (12ms)
			EditorAssembliesLoaded (0ms)
		ExecutionOrderSort2 (0ms)
		AwakeInstancesAfterBackupRestoration (35ms)
Refreshing native plugins compatible for Editor in 12.43 ms, found 4 plugins.
Preloading 0 native plugins for Editor in 0.00 ms.
Unloading 5141 Unused Serialized files (Serialized files now loaded: 0)
Unloading 23 unused Assets / (317.7 KB). Loaded Objects now: 6179.
Memory consumption went from 188.9 MB to 188.6 MB.
Total: 4.412300 ms (FindLiveObjects: 0.414200 ms CreateObjectMapping: 0.171800 ms MarkObjects: 3.656900 ms  DeleteObjects: 0.167700 ms)

Prepare: number of updated asset objects reloaded= 0
AssetImportParameters requested are different than current active one (requested -> active):
  custom:container-demuxer-ogg: 62fdf1f143b41e24485cea50d1cbac27 -> 
  custom:video-codec-MediaFoundation-h265: 746d11721c4dcdbdad8f713fa42b33f4 -> 
  custom:video-decoder-ogg-theora: a1e56fd34408186e4bbccfd4996cb3dc -> 
  custom:framework-win-MediaFoundation: 216162199b28c13a410421893ffa2e32 -> 
  custom:scripting/monoscript/fileName/FPCamera.cs: 1c037d24e0acc343b026b4e45c940244 -> c8ee585e775ce839539edb9638cfd224
  custom:scripting/monoscript/fileName/AmbientParticlesPSX.cs: 2815ab467087a59f25f476e028ac6c33 -> 
  custom:CustomObjectIndexerAttribute: 72b91833f83ae208fae7752999fa3104 -> 
  custom:container-demuxer-webm: 4f35f7cbe854078d1ac9338744f61a02 -> 
  custom:scripting/monoscript/fileName/FollowPlayerParticles.cs: 3c7f79002bb6b417e415a01af8998479 -> 
  custom:scripting/monoscript/fileName/PrepareBushOrGrassMesh.cs: aceb41db5deab9889da8bbf43f79acbf -> 
  custom:container-muxer-webm: aa71ff27fc2769a1b78a27578f13a17b -> 
  custom:video-decoder-webm-vp8: 9c59270c3fd7afecdb556c50c9e8de78 -> 
  custom:SearchIndexIgnoredProperties: e643bd26f0fe6173181afceb89e7c659 -> 
  custom:AudioImporter_EditorPlatform: d09bf68614088b80899f8185d706f6e7 -> 
  custom:scripting/monoscript/fileName/Linterna.cs: e9743de4c636e93c51897b9ca70463cf -> 
  custom:video-encoder-webm-vp8: eb34c28f22e8b96e1ab97ce403110664 -> 
  custom:audio-decoder-ogg-vorbis: bf7c407c2cedff20999df2af8eb42d56 -> 
  custom:audio-encoder-webm-vorbis: bf7c407c2cedff20999df2af8eb42d56 -> 
  custom:scripting/monoscript/fileName/SilentHillFogPulse.cs: 3aeaad3ea3f0a54efe9a2ddfa5a535ef -> 
  custom:scripting/precompiled-assembly-types:Assembly-CSharp: 9f3b9da185f6e8a35305ffb8d1230cbc -> 34565f389d82e3b3b8f006108841e8a5
========================================================================
Received Prepare
Caller must complete domain reload
Begin MonoManager ReloadAssembly
- Loaded All Assemblies, in  0.338 seconds
Native extension for WindowsStandalone target not found
Native extension for WebGL target not found
Mono: successfully reloaded assembly
- Finished resetting the current domain, in  1.242 seconds
Domain Reload Profiling: 1578ms
	BeginReloadAssembly (107ms)
		ExecutionOrderSort (0ms)
		DisableScriptedObjects (3ms)
		BackupInstance (0ms)
		ReleaseScriptingObjects (0ms)
		CreateAndSetChildDomain (20ms)
	RebuildCommonClasses (24ms)
	RebuildNativeTypeToScriptingClass (7ms)
	initialDomainReloadingComplete (22ms)
	LoadAllAssembliesAndSetupDomain (176ms)
		LoadAssemblies (218ms)
		RebuildTransferFunctionScriptingTraits (0ms)
		AnalyzeDomain (15ms)
			TypeCache.Refresh (5ms)
				TypeCache.ScanAssembly (0ms)
			ScanForSourceGeneratedMonoScriptInfo (0ms)
			ResolveRequiredComponents (8ms)
	FinalizeReload (1243ms)
		ReleaseScriptCaches (0ms)
		RebuildScriptCaches (0ms)
		SetupLoadedEditorAssemblies (620ms)
			LogAssemblyErrors (0ms)
			InitializePlatformSupportModulesInManaged (10ms)
			SetLoadedEditorAssemblies (3ms)
			RefreshPlugins (0ms)
			BeforeProcessingInitializeOnLoad (94ms)
			ProcessInitializeOnLoadAttributes (395ms)
			ProcessInitializeOnLoadMethodAttributes (105ms)
			AfterProcessingInitializeOnLoad (13ms)
			EditorAssembliesLoaded (0ms)
		ExecutionOrderSort2 (0ms)
		AwakeInstancesAfterBackupRestoration (39ms)
Refreshing native plugins compatible for Editor in 11.72 ms, found 4 plugins.
Preloading 0 native plugins for Editor in 0.00 ms.
Unloading 5141 Unused Serialized files (Serialized files now loaded: 0)
Unloading 22 unused Assets / (317.6 KB). Loaded Objects now: 6184.
Memory consumption went from 188.8 MB to 188.5 MB.
Total: 4.087800 ms (FindLiveObjects: 0.418700 ms CreateObjectMapping: 0.182200 ms MarkObjects: 3.390500 ms  DeleteObjects: 0.095400 ms)

Prepare: number of updated asset objects reloaded= 0
AssetImportParameters requested are different than current active one (requested -> active):
  custom:container-demuxer-ogg: 62fdf1f143b41e24485cea50d1cbac27 -> 
  custom:video-codec-MediaFoundation-h265: 746d11721c4dcdbdad8f713fa42b33f4 -> 
  custom:video-decoder-ogg-theora: a1e56fd34408186e4bbccfd4996cb3dc -> 
  custom:framework-win-MediaFoundation: 216162199b28c13a410421893ffa2e32 -> 
  custom:scripting/monoscript/fileName/FPCamera.cs: 1c037d24e0acc343b026b4e45c940244 -> c8ee585e775ce839539edb9638cfd224
  custom:scripting/monoscript/fileName/AmbientParticlesPSX.cs: 2815ab467087a59f25f476e028ac6c33 -> 
  custom:CustomObjectIndexerAttribute: 72b91833f83ae208fae7752999fa3104 -> 
  custom:container-demuxer-webm: 4f35f7cbe854078d1ac9338744f61a02 -> 
  custom:scripting/monoscript/fileName/FollowPlayerParticles.cs: 3c7f79002bb6b417e415a01af8998479 -> 
  custom:scripting/monoscript/fileName/PrepareBushOrGrassMesh.cs: aceb41db5deab9889da8bbf43f79acbf -> 
  custom:container-muxer-webm: aa71ff27fc2769a1b78a27578f13a17b -> 
  custom:video-decoder-webm-vp8: 9c59270c3fd7afecdb556c50c9e8de78 -> 
  custom:SearchIndexIgnoredProperties: e643bd26f0fe6173181afceb89e7c659 -> 
  custom:AudioImporter_EditorPlatform: d09bf68614088b80899f8185d706f6e7 -> 
  custom:scripting/monoscript/fileName/Linterna.cs: e9743de4c636e93c51897b9ca70463cf -> 
  custom:video-encoder-webm-vp8: eb34c28f22e8b96e1ab97ce403110664 -> 
  custom:audio-decoder-ogg-vorbis: bf7c407c2cedff20999df2af8eb42d56 -> 
  custom:audio-encoder-webm-vorbis: bf7c407c2cedff20999df2af8eb42d56 -> 
  custom:scripting/monoscript/fileName/SilentHillFogPulse.cs: 3aeaad3ea3f0a54efe9a2ddfa5a535ef -> 
  custom:scripting/precompiled-assembly-types:Assembly-CSharp: 9f3b9da185f6e8a35305ffb8d1230cbc -> 34565f389d82e3b3b8f006108841e8a5
========================================================================
Received Prepare
Caller must complete domain reload
Begin MonoManager ReloadAssembly
- Loaded All Assemblies, in  0.355 seconds
Native extension for WindowsStandalone target not found
Native extension for WebGL target not found
Mono: successfully reloaded assembly
- Finished resetting the current domain, in  1.690 seconds
Domain Reload Profiling: 2042ms
	BeginReloadAssembly (113ms)
		ExecutionOrderSort (0ms)
		DisableScriptedObjects (3ms)
		BackupInstance (0ms)
		ReleaseScriptingObjects (0ms)
		CreateAndSetChildDomain (20ms)
	RebuildCommonClasses (23ms)
	RebuildNativeTypeToScriptingClass (8ms)
	initialDomainReloadingComplete (27ms)
	LoadAllAssembliesAndSetupDomain (180ms)
		LoadAssemblies (227ms)
		RebuildTransferFunctionScriptingTraits (0ms)
		AnalyzeDomain (15ms)
			TypeCache.Refresh (5ms)
				TypeCache.ScanAssembly (0ms)
			ScanForSourceGeneratedMonoScriptInfo (0ms)
			ResolveRequiredComponents (7ms)
	FinalizeReload (1691ms)
		ReleaseScriptCaches (0ms)
		RebuildScriptCaches (0ms)
		SetupLoadedEditorAssemblies (826ms)
			LogAssemblyErrors (0ms)
			InitializePlatformSupportModulesInManaged (15ms)
			SetLoadedEditorAssemblies (5ms)
			RefreshPlugins (0ms)
			BeforeProcessingInitializeOnLoad (135ms)
			ProcessInitializeOnLoadAttributes (535ms)
			ProcessInitializeOnLoadMethodAttributes (122ms)
			AfterProcessingInitializeOnLoad (13ms)
			EditorAssembliesLoaded (0ms)
		ExecutionOrderSort2 (0ms)
		AwakeInstancesAfterBackupRestoration (38ms)
Refreshing native plugins compatible for Editor in 6.14 ms, found 4 plugins.
Preloading 0 native plugins for Editor in 0.00 ms.
Unloading 5141 Unused Serialized files (Serialized files now loaded: 0)
Unloading 22 unused Assets / (317.6 KB). Loaded Objects now: 6189.
Memory consumption went from 188.8 MB to 188.5 MB.
Total: 2.717600 ms (FindLiveObjects: 0.312700 ms CreateObjectMapping: 0.141600 ms MarkObjects: 2.187000 ms  DeleteObjects: 0.075600 ms)

Prepare: number of updated asset objects reloaded= 0
AssetImportParameters requested are different than current active one (requested -> active):
  custom:container-demuxer-ogg: 62fdf1f143b41e24485cea50d1cbac27 -> 
  custom:video-codec-MediaFoundation-h265: 746d11721c4dcdbdad8f713fa42b33f4 -> 
  custom:video-decoder-ogg-theora: a1e56fd34408186e4bbccfd4996cb3dc -> 
  custom:framework-win-MediaFoundation: 216162199b28c13a410421893ffa2e32 -> 
  custom:scripting/monoscript/fileName/FPCamera.cs: 1c037d24e0acc343b026b4e45c940244 -> c8ee585e775ce839539edb9638cfd224
  custom:scripting/monoscript/fileName/AmbientParticlesPSX.cs: 2815ab467087a59f25f476e028ac6c33 -> 
  custom:CustomObjectIndexerAttribute: 72b91833f83ae208fae7752999fa3104 -> 
  custom:container-demuxer-webm: 4f35f7cbe854078d1ac9338744f61a02 -> 
  custom:scripting/monoscript/fileName/FollowPlayerParticles.cs: 3c7f79002bb6b417e415a01af8998479 -> 
  custom:scripting/monoscript/fileName/PrepareBushOrGrassMesh.cs: aceb41db5deab9889da8bbf43f79acbf -> 
  custom:container-muxer-webm: aa71ff27fc2769a1b78a27578f13a17b -> 
  custom:video-decoder-webm-vp8: 9c59270c3fd7afecdb556c50c9e8de78 -> 
  custom:SearchIndexIgnoredProperties: e643bd26f0fe6173181afceb89e7c659 -> 
  custom:AudioImporter_EditorPlatform: d09bf68614088b80899f8185d706f6e7 -> 
  custom:scripting/monoscript/fileName/Linterna.cs: e9743de4c636e93c51897b9ca70463cf -> 
  custom:video-encoder-webm-vp8: eb34c28f22e8b96e1ab97ce403110664 -> 
  custom:audio-decoder-ogg-vorbis: bf7c407c2cedff20999df2af8eb42d56 -> 
  custom:audio-encoder-webm-vorbis: bf7c407c2cedff20999df2af8eb42d56 -> 
  custom:scripting/monoscript/fileName/SilentHillFogPulse.cs: 3aeaad3ea3f0a54efe9a2ddfa5a535ef -> 
  custom:scripting/precompiled-assembly-types:Assembly-CSharp: 9f3b9da185f6e8a35305ffb8d1230cbc -> 34565f389d82e3b3b8f006108841e8a5
========================================================================
Received Import Request.
  Time since last request: 520.917447 seconds.
  path: Assets/Audio/(Free) Horror Ambiance - Ominous Background Music.ogg
  artifactKey: Guid(e7d40f9c674c9d0448e3332657c90313) Importer(815301076,1909f56bfc062723c751e8b465ee728b)
Start importing Assets/Audio/(Free) Horror Ambiance - Ominous Background Music.ogg using Guid(e7d40f9c674c9d0448e3332657c90313) Importer(815301076,1909f56bfc062723c751e8b465ee728b) [PhysX] Initialized MultithreadedTaskDispatcher with 16 workers.
[PhysX] Initialized MultithreadedTaskDispatcher with 16 workers.
 -> (artifact id: 'e7aaa239d89a053ec55222fc06e67d2a') in 0.056866 seconds
Number of updated asset objects reloaded before import = 0
Number of asset objects unloaded after import = 2
========================================================================
Received Import Request.
  Time since last request: 0.000022 seconds.
  path: Assets/Audio/Flashlight Sound Effect sfx.ogg
  artifactKey: Guid(e74cd86c73417bc4288fdec223ab4b46) Importer(815301076,1909f56bfc062723c751e8b465ee728b)
Start importing Assets/Audio/Flashlight Sound Effect sfx.ogg using Guid(e74cd86c73417bc4288fdec223ab4b46) Importer(815301076,1909f56bfc062723c751e8b465ee728b) [PhysX] Initialized MultithreadedTaskDispatcher with 16 workers.
[PhysX] Initialized MultithreadedTaskDispatcher with 16 workers.
 -> (artifact id: '1c7a30ae4d1cdf076f7470577c9d8b33') in 0.016412 seconds
Number of updated asset objects reloaded before import = 0
Number of asset objects unloaded after import = 2
========================================================================
Received Import Request.
  Time since last request: 0.000021 seconds.
  path: Assets/Audio/Pasos1.mp3
  artifactKey: Guid(88b955957bb2c074f96eb46fe435cfbf) Importer(815301076,1909f56bfc062723c751e8b465ee728b)
Start importing Assets/Audio/Pasos1.mp3 using Guid(88b955957bb2c074f96eb46fe435cfbf) Importer(815301076,1909f56bfc062723c751e8b465ee728b) [PhysX] Initialized MultithreadedTaskDispatcher with 16 workers.
[PhysX] Initialized MultithreadedTaskDispatcher with 16 workers.
 -> (artifact id: '4de91b859196c16712b63aa42babf7c8') in 0.016245 seconds
Number of updated asset objects reloaded before import = 0
Number of asset objects unloaded after import = 2
========================================================================
Received Prepare
Caller must complete domain reload
Begin MonoManager ReloadAssembly
- Loaded All Assemblies, in  0.358 seconds
Native extension for WindowsStandalone target not found
Native extension for WebGL target not found
Mono: successfully reloaded assembly
- Finished resetting the current domain, in  1.137 seconds
Domain Reload Profiling: 1493ms
	BeginReloadAssembly (115ms)
		ExecutionOrderSort (0ms)
		DisableScriptedObjects (3ms)
		BackupInstance (0ms)
		ReleaseScriptingObjects (0ms)
		CreateAndSetChildDomain (27ms)
	RebuildCommonClasses (24ms)
	RebuildNativeTypeToScriptingClass (10ms)
	initialDomainReloadingComplete (27ms)
	LoadAllAssembliesAndSetupDomain (179ms)
		LoadAssemblies (223ms)
		RebuildTransferFunctionScriptingTraits (0ms)
		AnalyzeDomain (14ms)
			TypeCache.Refresh (5ms)
				TypeCache.ScanAssembly (0ms)
			ScanForSourceGeneratedMonoScriptInfo (0ms)
			ResolveRequiredComponents (7ms)
	FinalizeReload (1137ms)
		ReleaseScriptCaches (0ms)
		RebuildScriptCaches (0ms)
		SetupLoadedEditorAssemblies (537ms)
			LogAssemblyErrors (0ms)
			InitializePlatformSupportModulesInManaged (7ms)
			SetLoadedEditorAssemblies (2ms)
			RefreshPlugins (0ms)
			BeforeProcessingInitializeOnLoad (56ms)
			ProcessInitializeOnLoadAttributes (349ms)
			ProcessInitializeOnLoadMethodAttributes (109ms)
			AfterProcessingInitializeOnLoad (13ms)
			EditorAssembliesLoaded (0ms)
		ExecutionOrderSort2 (0ms)
		AwakeInstancesAfterBackupRestoration (43ms)
Refreshing native plugins compatible for Editor in 11.24 ms, found 4 plugins.
Preloading 0 native plugins for Editor in 0.00 ms.
Unloading 5141 Unused Serialized files (Serialized files now loaded: 0)
Unloading 22 unused Assets / (317.6 KB). Loaded Objects now: 6194.
Memory consumption went from 188.8 MB to 188.5 MB.
Total: 5.028700 ms (FindLiveObjects: 0.724500 ms CreateObjectMapping: 0.275000 ms MarkObjects: 3.914300 ms  DeleteObjects: 0.113500 ms)

Prepare: number of updated asset objects reloaded= 0
AssetImportParameters requested are different than current active one (requested -> active):
  custom:container-demuxer-ogg: 62fdf1f143b41e24485cea50d1cbac27 -> 
  custom:video-codec-MediaFoundation-h265: 746d11721c4dcdbdad8f713fa42b33f4 -> 
  custom:video-decoder-ogg-theora: a1e56fd34408186e4bbccfd4996cb3dc -> 
  custom:framework-win-MediaFoundation: 216162199b28c13a410421893ffa2e32 -> 
  custom:scripting/monoscript/fileName/FPCamera.cs: 1c037d24e0acc343b026b4e45c940244 -> c8ee585e775ce839539edb9638cfd224
  custom:scripting/monoscript/fileName/AmbientParticlesPSX.cs: 2815ab467087a59f25f476e028ac6c33 -> 
  custom:CustomObjectIndexerAttribute: 72b91833f83ae208fae7752999fa3104 -> 
  custom:container-demuxer-webm: 4f35f7cbe854078d1ac9338744f61a02 -> 
  custom:scripting/monoscript/fileName/FollowPlayerParticles.cs: 3c7f79002bb6b417e415a01af8998479 -> 
  custom:scripting/monoscript/fileName/PrepareBushOrGrassMesh.cs: aceb41db5deab9889da8bbf43f79acbf -> 
  custom:container-muxer-webm: aa71ff27fc2769a1b78a27578f13a17b -> 
  custom:video-decoder-webm-vp8: 9c59270c3fd7afecdb556c50c9e8de78 -> 
  custom:SearchIndexIgnoredProperties: e643bd26f0fe6173181afceb89e7c659 -> 
  custom:AudioImporter_EditorPlatform: d09bf68614088b80899f8185d706f6e7 -> 
  custom:scripting/monoscript/fileName/Linterna.cs: e9743de4c636e93c51897b9ca70463cf -> 
  custom:video-encoder-webm-vp8: eb34c28f22e8b96e1ab97ce403110664 -> 
  custom:audio-decoder-ogg-vorbis: bf7c407c2cedff20999df2af8eb42d56 -> 
  custom:audio-encoder-webm-vorbis: bf7c407c2cedff20999df2af8eb42d56 -> 
  custom:scripting/monoscript/fileName/SilentHillFogPulse.cs: 3aeaad3ea3f0a54efe9a2ddfa5a535ef -> 
  custom:scripting/precompiled-assembly-types:Assembly-CSharp: 9f3b9da185f6e8a35305ffb8d1230cbc -> 34565f389d82e3b3b8f006108841e8a5
========================================================================
Received Prepare
Caller must complete domain reload
Begin MonoManager ReloadAssembly
- Loaded All Assemblies, in  0.359 seconds
Native extension for WindowsStandalone target not found
Native extension for WebGL target not found
Mono: successfully reloaded assembly
- Finished resetting the current domain, in  1.401 seconds
Domain Reload Profiling: 1758ms
	BeginReloadAssembly (115ms)
		ExecutionOrderSort (0ms)
		DisableScriptedObjects (3ms)
		BackupInstance (0ms)
		ReleaseScriptingObjects (0ms)
		CreateAndSetChildDomain (23ms)
	RebuildCommonClasses (26ms)
	RebuildNativeTypeToScriptingClass (7ms)
	initialDomainReloadingComplete (25ms)
	LoadAllAssembliesAndSetupDomain (183ms)
		LoadAssemblies (224ms)
		RebuildTransferFunctionScriptingTraits (0ms)
		AnalyzeDomain (17ms)
			TypeCache.Refresh (6ms)
				TypeCache.ScanAssembly (0ms)
			ScanForSourceGeneratedMonoScriptInfo (0ms)
			ResolveRequiredComponents (9ms)
	FinalizeReload (1402ms)
		ReleaseScriptCaches (0ms)
		RebuildScriptCaches (0ms)
		SetupLoadedEditorAssemblies (749ms)
			LogAssemblyErrors (0ms)
			InitializePlatformSupportModulesInManaged (6ms)
			SetLoadedEditorAssemblies (2ms)
			RefreshPlugins (0ms)
			BeforeProcessingInitializeOnLoad (67ms)
			ProcessInitializeOnLoadAttributes (523ms)
			ProcessInitializeOnLoadMethodAttributes (136ms)
			AfterProcessingInitializeOnLoad (14ms)
			EditorAssembliesLoaded (0ms)
		ExecutionOrderSort2 (0ms)
		AwakeInstancesAfterBackupRestoration (46ms)
Refreshing native plugins compatible for Editor in 12.47 ms, found 4 plugins.
Preloading 0 native plugins for Editor in 0.00 ms.
Unloading 5141 Unused Serialized files (Serialized files now loaded: 0)
Unloading 22 unused Assets / (317.5 KB). Loaded Objects now: 6199.
Memory consumption went from 188.8 MB to 188.5 MB.
Total: 4.966600 ms (FindLiveObjects: 0.501500 ms CreateObjectMapping: 0.287100 ms MarkObjects: 4.049300 ms  DeleteObjects: 0.127100 ms)

Prepare: number of updated asset objects reloaded= 0
AssetImportParameters requested are different than current active one (requested -> active):
  custom:container-demuxer-ogg: 62fdf1f143b41e24485cea50d1cbac27 -> 
  custom:video-codec-MediaFoundation-h265: 746d11721c4dcdbdad8f713fa42b33f4 -> 
  custom:video-decoder-ogg-theora: a1e56fd34408186e4bbccfd4996cb3dc -> 
  custom:framework-win-MediaFoundation: 216162199b28c13a410421893ffa2e32 -> 
  custom:scripting/monoscript/fileName/FPCamera.cs: 1c037d24e0acc343b026b4e45c940244 -> c8ee585e775ce839539edb9638cfd224
  custom:scripting/monoscript/fileName/AmbientParticlesPSX.cs: 2815ab467087a59f25f476e028ac6c33 -> 
  custom:CustomObjectIndexerAttribute: 72b91833f83ae208fae7752999fa3104 -> 
  custom:container-demuxer-webm: 4f35f7cbe854078d1ac9338744f61a02 -> 
  custom:scripting/monoscript/fileName/FollowPlayerParticles.cs: 3c7f79002bb6b417e415a01af8998479 -> 
  custom:scripting/monoscript/fileName/PrepareBushOrGrassMesh.cs: aceb41db5deab9889da8bbf43f79acbf -> 
  custom:container-muxer-webm: aa71ff27fc2769a1b78a27578f13a17b -> 
  custom:video-decoder-webm-vp8: 9c59270c3fd7afecdb556c50c9e8de78 -> 
  custom:SearchIndexIgnoredProperties: e643bd26f0fe6173181afceb89e7c659 -> 
  custom:AudioImporter_EditorPlatform: d09bf68614088b80899f8185d706f6e7 -> 
  custom:scripting/monoscript/fileName/Linterna.cs: e9743de4c636e93c51897b9ca70463cf -> 
  custom:video-encoder-webm-vp8: eb34c28f22e8b96e1ab97ce403110664 -> 
  custom:audio-decoder-ogg-vorbis: bf7c407c2cedff20999df2af8eb42d56 -> 
  custom:audio-encoder-webm-vorbis: bf7c407c2cedff20999df2af8eb42d56 -> 
  custom:scripting/monoscript/fileName/SilentHillFogPulse.cs: 3aeaad3ea3f0a54efe9a2ddfa5a535ef -> 
  custom:scripting/precompiled-assembly-types:Assembly-CSharp: 9f3b9da185f6e8a35305ffb8d1230cbc -> 34565f389d82e3b3b8f006108841e8a5
========================================================================
Received Prepare
Caller must complete domain reload
Begin MonoManager ReloadAssembly
- Loaded All Assemblies, in  0.343 seconds
Native extension for WindowsStandalone target not found
Native extension for WebGL target not found
Mono: successfully reloaded assembly
- Finished resetting the current domain, in  0.951 seconds
Domain Reload Profiling: 1291ms
	BeginReloadAssembly (110ms)
		ExecutionOrderSort (0ms)
		DisableScriptedObjects (3ms)
		BackupInstance (0ms)
		ReleaseScriptingObjects (0ms)
		CreateAndSetChildDomain (20ms)
	RebuildCommonClasses (22ms)
	RebuildNativeTypeToScriptingClass (8ms)
	initialDomainReloadingComplete (23ms)
	LoadAllAssembliesAndSetupDomain (178ms)
		LoadAssemblies (220ms)
		RebuildTransferFunctionScriptingTraits (0ms)
		AnalyzeDomain (16ms)
			TypeCache.Refresh (5ms)
				TypeCache.ScanAssembly (0ms)
			ScanForSourceGeneratedMonoScriptInfo (0ms)
			ResolveRequiredComponents (8ms)
	FinalizeReload (952ms)
		ReleaseScriptCaches (0ms)
		RebuildScriptCaches (0ms)
		SetupLoadedEditorAssemblies (360ms)
			LogAssemblyErrors (0ms)
			InitializePlatformSupportModulesInManaged (6ms)
			SetLoadedEditorAssemblies (2ms)
			RefreshPlugins (0ms)
			BeforeProcessingInitializeOnLoad (68ms)
			ProcessInitializeOnLoadAttributes (214ms)
			ProcessInitializeOnLoadMethodAttributes (64ms)
			AfterProcessingInitializeOnLoad (6ms)
			EditorAssembliesLoaded (0ms)
		ExecutionOrderSort2 (0ms)
		AwakeInstancesAfterBackupRestoration (19ms)
Refreshing native plugins compatible for Editor in 9.34 ms, found 4 plugins.
Preloading 0 native plugins for Editor in 0.00 ms.
Unloading 5141 Unused Serialized files (Serialized files now loaded: 0)
Unloading 22 unused Assets / (317.6 KB). Loaded Objects now: 6204.
Memory consumption went from 188.8 MB to 188.5 MB.
Total: 4.487500 ms (FindLiveObjects: 0.590700 ms CreateObjectMapping: 0.180200 ms MarkObjects: 3.608600 ms  DeleteObjects: 0.106000 ms)

Prepare: number of updated asset objects reloaded= 0
AssetImportParameters requested are different than current active one (requested -> active):
  custom:container-demuxer-ogg: 62fdf1f143b41e24485cea50d1cbac27 -> 
  custom:video-codec-MediaFoundation-h265: 746d11721c4dcdbdad8f713fa42b33f4 -> 
  custom:video-decoder-ogg-theora: a1e56fd34408186e4bbccfd4996cb3dc -> 
  custom:framework-win-MediaFoundation: 216162199b28c13a410421893ffa2e32 -> 
  custom:scripting/monoscript/fileName/FPCamera.cs: 1c037d24e0acc343b026b4e45c940244 -> c8ee585e775ce839539edb9638cfd224
  custom:scripting/monoscript/fileName/AmbientParticlesPSX.cs: 2815ab467087a59f25f476e028ac6c33 -> 
  custom:CustomObjectIndexerAttribute: 72b91833f83ae208fae7752999fa3104 -> 
  custom:container-demuxer-webm: 4f35f7cbe854078d1ac9338744f61a02 -> 
  custom:scripting/monoscript/fileName/FollowPlayerParticles.cs: 3c7f79002bb6b417e415a01af8998479 -> 
  custom:scripting/monoscript/fileName/PrepareBushOrGrassMesh.cs: aceb41db5deab9889da8bbf43f79acbf -> 
  custom:container-muxer-webm: aa71ff27fc2769a1b78a27578f13a17b -> 
  custom:video-decoder-webm-vp8: 9c59270c3fd7afecdb556c50c9e8de78 -> 
  custom:SearchIndexIgnoredProperties: e643bd26f0fe6173181afceb89e7c659 -> 
  custom:AudioImporter_EditorPlatform: d09bf68614088b80899f8185d706f6e7 -> 
  custom:scripting/monoscript/fileName/Linterna.cs: e9743de4c636e93c51897b9ca70463cf -> 
  custom:video-encoder-webm-vp8: eb34c28f22e8b96e1ab97ce403110664 -> 
  custom:audio-decoder-ogg-vorbis: bf7c407c2cedff20999df2af8eb42d56 -> 
  custom:audio-encoder-webm-vorbis: bf7c407c2cedff20999df2af8eb42d56 -> 
  custom:scripting/monoscript/fileName/SilentHillFogPulse.cs: 3aeaad3ea3f0a54efe9a2ddfa5a535ef -> 
  custom:scripting/precompiled-assembly-types:Assembly-CSharp: 9f3b9da185f6e8a35305ffb8d1230cbc -> 34565f389d82e3b3b8f006108841e8a5
